Pages les plus populaires,Clics,Impressions,CTR,Position
https://pluscestsimple.com/muraliere-a-quoi-ca-sert-ou-la-fixer-et-quand-elle-devient-obligatoire/,706,21579,3.27%,4.64
https://pluscestsimple.com/comment-couper-des-baguettes-dangle-en-bois-guide-pratique-et-astuces/,296,13123,2.26%,7.03
https://pluscestsimple.com/entretoise-de-charpente-role-placement-et-erreurs-qui-fragilisent-la-structure/,197,10788,1.83%,5.08
https://pluscestsimple.com/plinthe-invisible-placo-guide-complet-pour-une-finition-parfaite/,196,6984,2.81%,8.09
https://pluscestsimple.com/colle-amiante-comment-la-reconnaitre-et-quoi-faire-avant-de-gratter/,193,3980,4.85%,7.26
https://pluscestsimple.com/occulter-un-velux-sans-store-solutions-efficaces-pour-dormir-dans-le-noir/,152,2400,6.33%,6.32
https://pluscestsimple.com/petit-insecte-noir-et-rond-dans-la-maison-cest-quoi-et-comment-leliminer/,89,3553,2.5%,6.37
https://pluscestsimple.com/cuivre-brule-comprendre-les-risques-et-les-precautions-a-prendre/,70,3370,2.08%,6.72
https://pluscestsimple.com/mur-porteur-maison-1970/,60,1171,5.12%,5.6
https://pluscestsimple.com/portail-coulissant-faut-il-un-seuil-et-lequel-pour-eviter-frottements-et-eau/,38,1269,2.99%,9.28
https://pluscestsimple.com/colle-amiante-sous-moquette/,34,504,6.75%,9.46
https://pluscestsimple.com/hauteur-de-penderie-les-bonnes-dimensions-pour-suspendre-sans-froisser/,32,5573,0.57%,8.38
https://pluscestsimple.com/decaper-de-la-peinture-sur-metal-methode-efficace-sans-gondoler-la-tole/,31,4100,0.76%,15.92
https://pluscestsimple.com/comment-demonter-un-canape-convertible-facilement-et-en-toute-securite/,31,2529,1.23%,9.4
https://pluscestsimple.com/massif-avec-pouzzolane-bonne-idee-pour-drainer-mais-a-quelles-conditions/,31,1476,2.1%,6.85
https://pluscestsimple.com/reparer-pvc-rayures-fissures/,31,845,3.67%,7.81
https://pluscestsimple.com/lino-enfonce-peut-on-reparer-sans-remplacer-tout-le-sol/,30,2092,1.43%,9.75
https://pluscestsimple.com/teinter-une-moquette-possible-ou-galere-assuree/,30,809,3.71%,10.95
https://pluscestsimple.com/un-parpaing-ca-pese-combien-et-comment-le-porter-sans-se-casser-le-dos/,29,4305,0.67%,10.47
https://pluscestsimple.com/meuleuse-ou-ponceuse-comment-selectionner-loutil-adapte-a-vos-besoins/,29,2860,1.01%,14.3
https://pluscestsimple.com/coffrage-beton-pour-dalle-comment-le-faire-droit-et-solide-sans-prise-de-tete/,29,2612,1.11%,10.16
https://pluscestsimple.com/gris-2900-sable-menuiseries/,28,3433,0.82%,9.21
https://pluscestsimple.com/terrasse-en-bois-sur-parpaing-guide-complet-pour-une-installation-reussie/,27,1374,1.97%,9.66
https://pluscestsimple.com/comment-visser-efficacement-une-lame-de-terrasse-en-bois-methode-simple/,27,1246,2.17%,13.58
https://pluscestsimple.com/comment-nettoyer-efficacement-un-travertin-noirci-et-lui-redonner-son-eclat/,27,738,3.66%,11.81
https://pluscestsimple.com/chenilles-dans-la-maison-dou-elles-viennent-et-comment-stopper-linvasion/,26,1125,2.31%,7.63
https://pluscestsimple.com/enduit-siporex-precautions/,26,721,3.61%,8.56
https://pluscestsimple.com/crepir-mur-parpaing/,22,1739,1.27%,8.85
https://pluscestsimple.com/dosage-mortier-parpaings/,21,2930,0.72%,7.62
https://pluscestsimple.com/tva-10-travaux-exterieurs/,20,624,3.21%,8.84
https://pluscestsimple.com/renforcer-un-placo-deja-pose-methodes-efficaces-pour-solidifier-vos-murs/,19,1900,1%,9.97
https://pluscestsimple.com/poser-du-parquet-stratifie-reussir-lalignement-et-eviter-les-lames-qui-claquent/,19,1005,1.89%,14.61
https://pluscestsimple.com/mur-machefer-renovation/,17,514,3.31%,14.79
https://pluscestsimple.com/compatibilimetre/regle/enduit-chaux-sur-beton-cellulaire/,16,243,6.58%,8.87
https://pluscestsimple.com/bloquer-des-portes-coulissantes-securiser-sans-abimer-la-porte-ni-le-rail/,15,913,1.64%,9.06
https://pluscestsimple.com/avis-mister-menuiserie-notre-analyse-complete-et-honnete-2025/,14,1759,0.8%,15.09
https://pluscestsimple.com/panne-sabliere-charpente/,14,1162,1.2%,9.79
https://pluscestsimple.com/comment-reconnaitre-une-vraie-chaise-baumann-astuces-simples-mais-indispensables/,14,513,2.73%,10.55
https://pluscestsimple.com/enduit-qui-ne-seche-pas-causes-frequentes-et-solution-pour-le-rattraper/,13,827,1.57%,9.83
https://pluscestsimple.com/enduit-beton-cellulaire-fissures/,12,877,1.37%,8.24
https://pluscestsimple.com/avis-cuisine-hacker/,12,631,1.9%,14.29
https://pluscestsimple.com/terrasse-en-resine-duree-de-vie-reelle-et-signes-quelle-arrive-en-fin-de-course/,12,626,1.92%,7.7
https://pluscestsimple.com/balatome-revetement-sol/,11,1641,0.67%,9.05
https://pluscestsimple.com/nettoyer-poutres-en-bois-methodes-efficaces-pour-preserver-leur-beaute/,11,1369,0.8%,14.16
https://pluscestsimple.com/rayure-sur-parquet-la-faire-disparaitre-ou-au-moins-la-camoufler-proprement/,11,1183,0.93%,26.26
https://pluscestsimple.com/chaise-baumann-comment-reconnaitre-un-modele-authentique-et-eviter-une-copie/,11,1023,1.08%,8.41
https://pluscestsimple.com/poser-du-lambris-sur-du-placo-guide-pratique-pour-reussir-facilement/,11,949,1.16%,13.4
https://pluscestsimple.com/ferme-sur-blochet-charpente/,9,1193,0.75%,8.55
https://pluscestsimple.com/carotter-mur-sans-fissure/,9,325,2.77%,7.8
https://pluscestsimple.com/taches-sel-oseille-bois/,9,220,4.09%,10.13
https://pluscestsimple.com/compatibilimetre/regle/prise-electrique-au-dessus-dune-plaque-de-cuisson/,9,191,4.71%,11.63
https://pluscestsimple.com/debroussailleuse-demarrage-arret/,8,591,1.35%,9.94
https://pluscestsimple.com/liteau-toiture-poser/,8,533,1.5%,9.99
https://pluscestsimple.com/exposition-nord-quelles-plantes-tiennent-vraiment-sans-soleil-direct/,8,356,2.25%,9.55
https://pluscestsimple.com/compatibilimetre/regle/evacuation-lave-linge-sans-siphon/,8,117,6.84%,6.24
https://pluscestsimple.com/compatibilimetre/regle/refrigerateur-encastre-sans-grille-de-ventilation/,8,99,8.08%,7.45
https://pluscestsimple.com/pose-du-parquet-flottant-quel-sens-choisir-pour-agrandir-visuellement-la-piece/,7,796,0.88%,13
https://pluscestsimple.com/charpente-americaine-fonctionnement/,7,458,1.53%,17.51
https://pluscestsimple.com/fourtoutici-comprendre-la-plateforme-et-les-enjeux-du-partage-de-fichiers-en-ligne/,7,349,2.01%,5.88
https://pluscestsimple.com/compatibilimetre/regle/creer-une-tremie-descalier-dans-un-plancher-existant/,7,100,7%,18.13
https://pluscestsimple.com/mur-parpaing-sans-enduit/,6,901,0.67%,9.4
https://pluscestsimple.com/compatibilimetre/regle/evier-inox-brosse-vs-satine/,6,204,2.94%,10.94
https://pluscestsimple.com/compatibilimetre/regle/fixer-une-etagere-lourde-sur-mur-isole-par-linterieur/,6,28,21.43%,8.46
https://pluscestsimple.com/my-extrabat-espace-outils/,5,7211,0.07%,7.21
https://pluscestsimple.com/cadreuse-menuiserie-les-cles-pour-choisir-le-bon-equipement/,5,1031,0.48%,26.45
https://pluscestsimple.com/chape-sur-plancher-chauffant-quelle-epaisseur-pour-eviter-fissures-et-mauvaise-chauffe/,5,747,0.67%,18.67
https://pluscestsimple.com/raccorder-evacuation-evier/,5,278,1.8%,18.75
https://pluscestsimple.com/combien-de-vis-par-lame-de-terrasse-le-bon-nombre-pour-eviter-que-ca-bouge-ou-se-fende/,5,277,1.81%,12.17
https://pluscestsimple.com/compatibilimetre/regle/crepi-exterieur-applique-sur-enduit-ancien/,5,160,3.12%,10.33
https://pluscestsimple.com/compatibilimetre/regle/evier-sous-plan-de-travail-stratifie-sous-plan/,5,121,4.13%,11.29
https://pluscestsimple.com/cuisine-sur-mesure-devis/,5,28,17.86%,8.86
https://pluscestsimple.com/fenetres-design-epurees-comment-integrer-le-design-minimaliste-a-son-interieur/,4,341,1.17%,21.99
https://pluscestsimple.com/nettoyer-la-mousse-la-methode-qui-marche-sans-ruiner-le-support/,4,310,1.29%,8.87
https://pluscestsimple.com/chevilles-parpaings-creux/,4,274,1.46%,15.51
https://pluscestsimple.com/alcaliniser-eau-robinet/,4,241,1.66%,8.21
https://pluscestsimple.com/compatibilimetre/regle/multicouche-encastre-dans-une-chape/,4,184,2.17%,10.59
https://pluscestsimple.com/maison-neo-bretonne-renovation/,4,175,2.29%,13.98
https://pluscestsimple.com/table-basse-travertin-conseils-pour-choisir-et-entretenir-ce-materiau-naturel/,4,173,2.31%,11.29
https://pluscestsimple.com/salpetre-cave-traitements/,4,132,3.03%,20.12
https://pluscestsimple.com/laiton-brosse-vs-vieilli/,4,128,3.12%,7.64
https://pluscestsimple.com/compatibilimetre/regle/plaque-induction-posee-sur-meuble-bois/,4,116,3.45%,6.88
https://pluscestsimple.com/compatibilimetre/regle/piscine-hors-sol-demontable-10-m²/,4,77,5.19%,25.7
https://pluscestsimple.com/choisir-ses-portes-interieures-et-dentree-materiaux-styles-et-budget/,3,457,0.66%,18.17
https://pluscestsimple.com/ecologie-diy-alimentation-durable/,3,412,0.73%,5.87
https://pluscestsimple.com/delimiter-sol-cuisine-salon-solutions-propres-sans-casser-lharmonie/,3,388,0.77%,12.96
https://pluscestsimple.com/fermacell-placo-humidite-budget/,3,339,0.88%,8.61
https://pluscestsimple.com/pieces-charpente-toiture/,3,308,0.97%,7.66
https://pluscestsimple.com/compatibilimetre/regle/plaque-a-gaz-au-dessus-dun-lave-vaisselle/,3,265,1.13%,13.84
https://pluscestsimple.com/vernir-une-carrosserie-faut-il-poncer-avant-pour-eviter-peau-dorange-et-cloques/,3,196,1.53%,17.05
https://pluscestsimple.com/compatibilimetre/regle/tadelakt-dans-une-douche-italienne/,3,111,2.7%,13.83
https://pluscestsimple.com/compatibilimetre/regle/creer-un-placard-integre-dans-une-cloison-existante/,3,81,3.7%,7.72
https://pluscestsimple.com/compatibilimetre/regle/plan-de-travail-bois-massif-pres-de-levier/,3,38,7.89%,9.63
https://pluscestsimple.com/compatibilimetre/regle/papier-peint-dans-cuisine-pres-de-la-plaque-de-cuisson/,3,24,12.5%,8.83
https://pluscestsimple.com/compatibilimetre/regle/mitigeur-thermostatique-sans-clapet-anti-retour/,3,21,14.29%,6.38
https://pluscestsimple.com/compatibilimetre/regle/radiateur-electrique-dans-le-volume-dune-douche-zone-0/,3,15,20%,9
https://pluscestsimple.com/institut-du-bricolage-com-avis-detaille-et-honnete/,2,1989,0.1%,9.66
https://pluscestsimple.com/comment-laver-efficacement-un-tapis-de-bain-sans-labimer/,2,857,0.23%,14.2
https://pluscestsimple.com/radiateur-habitat-design-net-avis-fiabilite-et-points-a-verifier-avant-dacheter/,2,799,0.25%,8.79
https://pluscestsimple.com/escalier-en-bois-qui-grince-localiser-le-bruit-et-le-supprimer-durablement/,2,338,0.59%,17.75
https://pluscestsimple.com/empreinte-blaireau-terre/,2,300,0.67%,5.35
https://pluscestsimple.com/fissure-escalier-retrait/,2,287,0.7%,7.15
https://pluscestsimple.com/travaux-supplementaires-refus/,2,278,0.72%,16.31
https://pluscestsimple.com/cuisine-vert-sauge-bois/,2,192,1.04%,9.47
https://pluscestsimple.com/compatibilimetre/regle/agrandir-une-fenetre-dans-un-mur-porteur/,2,174,1.15%,12.55
https://pluscestsimple.com/effet-vieilli-peinture-bois/,2,168,1.19%,7.14
https://pluscestsimple.com/compatibilimetre/regle/cuivre-raccorde-directement-sur-acier-galvanise/,2,159,1.26%,9.49
https://pluscestsimple.com/parquet-noyer-americain-chene/,2,148,1.35%,8.49
https://pluscestsimple.com/compatibilimetre/regle/tableau-electrique-dans-la-salle-de-bain/,2,145,1.38%,10.7
https://pluscestsimple.com/prix-laiton-au-kilo/,2,100,2%,31.52
https://pluscestsimple.com/marbre-carrare-vs-gres-cerame/,2,95,2.11%,10.64
https://pluscestsimple.com/hottes-airforce-cuisine/,2,90,2.22%,19.69
https://pluscestsimple.com/compatibilimetre/regle/spot-encastre-dans-plafond-placo-isole-laine-soufflee/,2,73,2.74%,17.49
https://pluscestsimple.com/compatibilimetre/regle/muret-de-jardin-2-m-de-hauteur-sans-declaration/,2,64,3.12%,6.78
https://pluscestsimple.com/compatibilimetre/regle/abattre-une-cheminee-porteuse-soucheconduit-traversant/,2,64,3.12%,9.41
https://pluscestsimple.com/compatibilimetre/regle/domino-dans-un-coffret-electrique/,2,62,3.23%,9.94
https://pluscestsimple.com/compatibilimetre/regle/peinture-chaux-sur-placo/,2,62,3.23%,17.85
https://pluscestsimple.com/compatibilimetre/regle/cloison-vitree-entre-chambre-et-salle-de-bain/,2,50,4%,20.56
https://pluscestsimple.com/compatibilimetre/regle/construire-une-douche-en-parpaing-dans-une-sdb/,2,45,4.44%,5.11
https://pluscestsimple.com/compatibilimetre/regle/plaquage-de-pierre-naturelle-sur-cloison-placo/,2,45,4.44%,6.93
https://pluscestsimple.com/compatibilimetre/regle/suspendre-une-tv-40-kg-sur-cloison-placo-standard/,2,44,4.55%,8.7
https://pluscestsimple.com/compatibilimetre/regle/cloison-double-mur-avec-lame-dair/,2,43,4.65%,7.77
https://pluscestsimple.com/compatibilimetre/regle/passer-une-gaine-dans-une-poutre-beton-arme/,2,42,4.76%,4.26
https://pluscestsimple.com/compatibilimetre/regle/isoler-un-sol-contre-dalle-beton-non-isolee/,2,40,5%,15
https://pluscestsimple.com/compatibilimetre/regle/peindre-sur-enduit-gratte-decoratif/,2,39,5.13%,25.77
https://pluscestsimple.com/compatibilimetre/regle/carrelage-5x5-cm-dans-une-douche/,2,35,5.71%,8.37
https://pluscestsimple.com/compatibilimetre/regle/eclairage-sous-meuble-haut-sans-transformateur/,2,35,5.71%,10.06
https://pluscestsimple.com/compatibilimetre/regle/traitement-bois-exterieur-sans-certification-ctbp/,2,35,5.71%,12.97
https://pluscestsimple.com/compatibilimetre/regle/coffret-de-chantier-comme-tableau-definitif/,2,30,6.67%,10.47
https://pluscestsimple.com/compatibilimetre/regle/eclairage-exterieur-230-v-vs-12-v/,2,25,8%,6.12
https://pluscestsimple.com/changer-portes-cuisine/,2,25,8%,13.92
https://pluscestsimple.com/compatibilimetre/regle/mitigeur-thermostatique-obligatoire-dans-la-douche/,2,23,8.7%,10.22
https://pluscestsimple.com/compatibilimetre/regle/veranda-fixee-sur-mur-dune-maison-ancienne/,2,22,9.09%,10.18
https://pluscestsimple.com/compatibilimetre/regle/transition-entre-2-pieces-de-hauteur-de-sol-differente-3-cm/,2,21,9.52%,22.62
https://pluscestsimple.com/compatibilimetre/regle/lessivage-avant-peinture-obligatoire/,2,21,9.52%,31.62
https://pluscestsimple.com/compatibilimetre/regle/carrelage-exterieur-prolonge-en-interieur-continuite/,2,11,18.18%,8.91
https://pluscestsimple.com/nettoyer-un-meuble-en-bois-ancien-sans-labimer-les-bons-gestes-selon-la-finition/,1,354,0.28%,20.55
https://pluscestsimple.com/plantes-vivaces-plein-soleil/,1,269,0.37%,18.38
https://pluscestsimple.com/occulter-un-velux-sans-store-solutions-efficaces-pour-dormir-dans-le-noir/#Occulter_un_Velux_sans_store%E2%80%89_pourquoi_viser_lobscurite_totale_pour_dormir%E2%80%89,1,262,0.38%,5.72
https://pluscestsimple.com/compatibilimetre/regle/cloison-fermacell-vs-placo-ba13/,1,262,0.38%,14.23
https://pluscestsimple.com/compatibilimetre/regle/carport-sans-permis/,1,221,0.45%,25.34
https://pluscestsimple.com/shockgarden-blog-jardin/,1,216,0.46%,11.87
https://pluscestsimple.com/champignon-orange-bois-mort/,1,200,0.5%,8.3
https://pluscestsimple.com/enlever-du-scotch-de-peinture-retirer-sans-arracher-ni-laisser-de-colle/,1,174,0.57%,10.46
https://pluscestsimple.com/compatibilimetre/regle/cloison-incurvee-courbe-en-placo/,1,171,0.58%,19.35
https://pluscestsimple.com/cuisine-bois-et-bleu-quelles-teintes-associer-pour-eviter-leffet-froid/,1,145,0.69%,19.23
https://pluscestsimple.com/compatibilimetre/regle/beton-cire-sur-ancien-plancher-bois/,1,134,0.75%,16.98
https://pluscestsimple.com/compatibilimetre/regle/tiroir-casserolier-sous-plaque-induction/,1,123,0.81%,8.83
https://pluscestsimple.com/compatibilimetre/regle/fixer-un-lavabo-sur-mur-creux-placo/,1,123,0.81%,10.49
https://pluscestsimple.com/beton-balaye-antiderapant/,1,114,0.88%,14.36
https://pluscestsimple.com/investissement-lille-2024/,1,105,0.95%,17.79
https://pluscestsimple.com/gravier-allee-carrossable/,1,90,1.11%,7.01
https://pluscestsimple.com/compatibilimetre/regle/colonne-montante-en-copropriete/,1,90,1.11%,14.07
https://pluscestsimple.com/compatibilimetre/regle/lambris-bois-en-salle-de-bain/,1,85,1.18%,23.26
https://pluscestsimple.com/proteger-bois-brut-naturel/,1,79,1.27%,9.73
https://pluscestsimple.com/nettoyer-laiton-oxyde/,1,72,1.39%,10.57
https://pluscestsimple.com/compatibilimetre/regle/cuisine-en-sous-sol-sans-fenetre/,1,51,1.96%,9.63
https://pluscestsimple.com/table-relookee-astuces-et-idees-pour-renouveler-votre-mobilier-en-2025/,1,48,2.08%,13.65
https://pluscestsimple.com/compatibilimetre/regle/four-en-colonne-basse-vs-colonne-haute/,1,47,2.13%,8.36
https://pluscestsimple.com/compatibilimetre/regle/chauffer-sa-piscine-au-gaz/,1,47,2.13%,12.17
https://pluscestsimple.com/colina-josta-arbuste-fruitier/,1,46,2.17%,10.48
https://pluscestsimple.com/compatibilimetre/regle/wc-suspendu-fixe-sur-cloison-alveolaire/,1,37,2.7%,7.32
https://pluscestsimple.com/quatre-capitales-europeennes-quatre-facons-dhabiter-ce-que-limmobilier-raconte-de-paris-luxembourg-londres-et-vienne/,1,36,2.78%,7.33
https://pluscestsimple.com/compatibilimetre/regle/peinture-acrylique-directement-sur-enduit-pre-colore-monocouche/,1,36,2.78%,8.78
https://pluscestsimple.com/studio-saint-malo-location/,1,28,3.57%,13.25
https://pluscestsimple.com/compatibilimetre/regle/cloison-entre-piece-humide-et-piece-seche/,1,24,4.17%,11.54
https://pluscestsimple.com/compatibilimetre/regle/adoucisseur-deau-sur-arrivee-generale/,1,20,5%,10.4
https://pluscestsimple.com/compatibilimetre/regle/cabane-bois-en-limite-parcelle/,1,19,5.26%,8.53
https://pluscestsimple.com/compatibilimetre/regle/interrupteur-connecte-sur-va-et-vient-existant/,1,18,5.56%,10.89
https://pluscestsimple.com/compatibilimetre/regle/ballon-ecs-sans-groupe-de-securite/,1,17,5.88%,7.47
https://pluscestsimple.com/compatibilimetre/regle/ballon-thermodynamique-en-buanderie-non-chauffee/,1,15,6.67%,7
https://pluscestsimple.com/compatibilimetre/regle/vinyle-clipsable-dans-une-salle-de-bain/,1,14,7.14%,6
https://pluscestsimple.com/compatibilimetre/regle/coffre-fort-enterre-dans-le-jardin/,1,13,7.69%,12.38
https://pluscestsimple.com/compatibilimetre/regle/plancher-chauffant-hydraulique-en-renovation-sans-depose-du-sol/,1,10,10%,28.1
https://pluscestsimple.com/compatibilimetre/regle/jardiniere-lourde-sur-terrasse-etanchee/,1,8,12.5%,5.62
https://pluscestsimple.com/compatibilimetre/regle/transformateur-12-v-dans-cloison-fermee-sans-acces/,1,7,14.29%,5.29
https://pluscestsimple.com/compatibilimetre/regle/cloison-phonique-entre-bureau-et-chambre/,1,7,14.29%,7.29
https://pluscestsimple.com/compatibilimetre/regle/parquet-massif-au-sous-sol/,1,6,16.67%,10.5
https://pluscestsimple.com/compatibilimetre/regle/moquette-dans-une-chambre-humide-orientee-nord/,1,5,20%,22.8
https://pluscestsimple.com/muraliere-calcul-charges/,1,4,25%,13.5
https://pluscestsimple.com/travaux-cat/travaux-par-piece-cat/,1,4,25%,18.25
https://pluscestsimple.com/compatibilimetre/regle/pompe-a-chaleur-air-air-en-maison-ancienne/,1,4,25%,49.5
https://pluscestsimple.com/compatibilimetre/regle/meuble-sous-evier-sans-ventilation-arriere/,1,3,33.33%,7.67
https://pluscestsimple.com/decoration-cat/decoration-par-piece-cat/,1,2,50%,22.5
https://pluscestsimple.com/devis-meusetravaux-comparaison/,0,30003,0%,5.82
https://pluscestsimple.com/prix-formations-bricolage/,0,19912,0%,4.23
https://pluscestsimple.com/formations-bricolage-prix/,0,13826,0%,26.72
https://pluscestsimple.com/comment-couper-des-baguettes-dangle-en-bois-guide-pratique-et-astuces/#Outils_pour_couper_des_baguettes_dangle_en_bois_avec_precision,0,2862,0%,6.58
https://pluscestsimple.com/comment-couper-des-baguettes-dangle-en-bois-guide-pratique-et-astuces/#Methode_en_4_etapes_pour_reussir_la_coupe_dune_baguette_dangle,0,2771,0%,6.6
https://pluscestsimple.com/muraliere-a-quoi-ca-sert-ou-la-fixer-et-quand-elle-devient-obligatoire/#Fixations_dune_muraliere_selon_le_support_beton_parpaing_brique_ossature_bois,0,2643,0%,8.56
https://pluscestsimple.com/comment-couper-des-baguettes-dangle-en-bois-guide-pratique-et-astuces/#Couper_des_baguettes_dangle_en_bois_definition_usages_et_choix,0,2593,0%,6.53
https://pluscestsimple.com/comment-couper-des-baguettes-dangle-en-bois-guide-pratique-et-astuces/#Erreurs_frequentes_lors_de_la_coupe_de_baguettes_dangle_en_bois,0,2494,0%,6.54
https://pluscestsimple.com/comment-couper-des-baguettes-dangle-en-bois-guide-pratique-et-astuces/#Angles_irreguliers_murs_a_88%E2%80%9392%C2%B0_comment_sadapter,0,2492,0%,6.54
https://pluscestsimple.com/comment-couper-des-baguettes-dangle-en-bois-guide-pratique-et-astuces/#Astuces_de_pro_pour_des_joints_donglet_invisibles,0,2492,0%,6.54
https://pluscestsimple.com/comment-couper-des-baguettes-dangle-en-bois-guide-pratique-et-astuces/#Securite_poussieres_et_qualite_dair_interieur,0,2492,0%,6.54
https://pluscestsimple.com/muraliere-a-quoi-ca-sert-ou-la-fixer-et-quand-elle-devient-obligatoire/#Muraliere_quand_devient-elle_obligatoire_ou_imposee_par_le_cahier_des_charges,0,2328,0%,8.5
https://pluscestsimple.com/proxichantier-fr-a-quoi-sattendre-devis-pros-garanties-avant-de-sengager/,0,1956,0%,4.7
https://pluscestsimple.com/muraliere-a-quoi-ca-sert-ou-la-fixer-et-quand-elle-devient-obligatoire/#Muraliere_a_quoi_ca_sert_et_dans_quels_ouvrages_la_poser,0,1827,0%,8.53
https://pluscestsimple.com/muraliere-a-quoi-ca-sert-ou-la-fixer-et-quand-elle-devient-obligatoire/#Choisir_la_section_positionner_et_proteger_methode_simple_et_sure,0,1670,0%,8.62
https://pluscestsimple.com/plinthe-invisible-placo-guide-complet-pour-une-finition-parfaite/#Choisir_un_systeme_de_plinthe_invisible_pour_placo_materiaux_hauteurs_et_compatibilites,0,1635,0%,8.08
https://pluscestsimple.com/plinthe-invisible-placo-guide-complet-pour-une-finition-parfaite/#Pose_pas_a_pas_dune_plinthe_invisible_dans_une_cloison_en_plaques_de_platre,0,1602,0%,8.11
https://pluscestsimple.com/plinthe-invisible-placo-guide-complet-pour-une-finition-parfaite/#Plinthe_invisible_placo_definition_principe_et_avantages_concrets,0,1419,0%,8.19
https://pluscestsimple.com/plinthe-invisible-placo-guide-complet-pour-une-finition-parfaite/#Budget_planning_et_controle_qualite_reussir_une_finition_parfaite,0,1372,0%,8.21
https://pluscestsimple.com/plinthe-invisible-placo-guide-complet-pour-une-finition-parfaite/#Cas_pratiques_renovation_LED_integree_jonction_avec_parquet_et_carrelage,0,1370,0%,8.21
https://pluscestsimple.com/plinthe-invisible-placo-guide-complet-pour-une-finition-parfaite/#Preparation_du_support_placo_planeite_etancheite_a_lair_et_tracage_precis,0,1370,0%,8.21
https://pluscestsimple.com/plan-du-site/,0,1077,0%,29.25
https://pluscestsimple.com/charpente-lamelle-colle/,0,1067,0%,33.77
https://pluscestsimple.com/traitement-bois-charpente/,0,1026,0%,42.84
https://pluscestsimple.com/cuivre-brule-comprendre-les-risques-et-les-precautions-a-prendre/#Le_cuivre_brule_definition_risques_environnementaux_et_enjeux_lies,0,933,0%,7.81
https://pluscestsimple.com/cuivre-brule-comprendre-les-risques-et-les-precautions-a-prendre/#Les_obligations_reglementaires_et_sanctions_liees_au_cuivre_brule,0,880,0%,7.8
https://pluscestsimple.com/cuivre-brule-comprendre-les-risques-et-les-precautions-a-prendre/#Evaluation_economique_valeur_du_cuivre_denude_par_rapport_au_cuivre_brule,0,877,0%,7.92
https://pluscestsimple.com/cuivre-brule-comprendre-les-risques-et-les-precautions-a-prendre/#Precautions_sanitaires_et_mesures_de_securite_pour_la_manipulation_du_cuivre_et_ses_composes,0,875,0%,7.94
https://pluscestsimple.com/colle-amiante-comment-la-reconnaitre-et-quoi-faire-avant-de-gratter/#Colle_amiante_reconnaitre_les_indices_fiables_avant_toute_intervention,0,869,0%,7.35
https://pluscestsimple.com/vitrificateur-ou-vernis-quel-produit-choisir-pour-proteger-un-parquet-selon-lusage/,0,865,0%,31.71
https://pluscestsimple.com/colle-amiante-comment-la-reconnaitre-et-quoi-faire-avant-de-gratter/#Que_faire_avant_de_gratter_une_colle_suspecte,0,860,0%,7.34
https://pluscestsimple.com/meuleuse-ou-ponceuse-comment-selectionner-loutil-adapte-a-vos-besoins/#Les_materiaux_et_projets_influencent_le_choix_de_la_meuleuse_ou_ponceuse,0,855,0%,7.77
https://pluscestsimple.com/cuivre-brule-comprendre-les-risques-et-les-precautions-a-prendre/#Methodes_alternatives_et_meilleures_pratiques_pour_le_traitement_du_cuivre,0,825,0%,7.92
https://pluscestsimple.com/meuleuse-ou-ponceuse-comment-selectionner-loutil-adapte-a-vos-besoins/#Les_criteres_techniques_essentiels_pour_selectionner_une_ponceuse-meuleuse_performante,0,784,0%,7.96
https://pluscestsimple.com/meuleuse-ou-ponceuse-comment-selectionner-loutil-adapte-a-vos-besoins/#Facteurs_dergonomie_et_securite_pour_une_utilisation_optimale_et_durable,0,719,0%,8
https://pluscestsimple.com/hauteur-de-penderie-les-bonnes-dimensions-pour-suspendre-sans-froisser/#Hauteur_de_penderie_ideale_reperes_precis_pour_suspendre_sans_froisser,0,703,0%,10.3
https://pluscestsimple.com/meuleuse-ou-ponceuse-comment-selectionner-loutil-adapte-a-vos-besoins/#Comparatif_detaille_de_ponceuses_meuleuses_performances_et_usages_adaptes,0,622,0%,7.34
https://pluscestsimple.com/colle-amiante-comment-la-reconnaitre-et-quoi-faire-avant-de-gratter/#Deposer_en_securite_confinement_NF_X46-020_EPI_et_aspiration_classe_H,0,617,0%,7.39
https://pluscestsimple.com/colle-amiante-comment-la-reconnaitre-et-quoi-faire-avant-de-gratter/#Erreurs_a_eviter_et_bonnes_pratiques_avant_de_gratter,0,612,0%,7.39
https://pluscestsimple.com/colle-amiante-comment-la-reconnaitre-et-quoi-faire-avant-de-gratter/#Cas_pratique_de_chantier_de_la_suspicion_au_chantier_propre,0,610,0%,7.38
https://pluscestsimple.com/colle-amiante-comment-la-reconnaitre-et-quoi-faire-avant-de-gratter/#Couts_devis_et_controles_securiser_la_renovation_sans_surprise,0,610,0%,7.38
https://pluscestsimple.com/hauteur-de-penderie-les-bonnes-dimensions-pour-suspendre-sans-froisser/#Mesurer_et_implanter_methode_rapide_et_fiable,0,591,0%,10.32
https://pluscestsimple.com/meuleuse-ou-ponceuse-comment-selectionner-loutil-adapte-a-vos-besoins/#Comprendre_les_differences_fondamentales_entre_meuleuse_et_ponceuse_pour_un_choix_eclaire,0,581,0%,7.31
https://pluscestsimple.com/hauteur-de-penderie-les-bonnes-dimensions-pour-suspendre-sans-froisser/#Cas_pratique_sous-pente_datelier_transformee_en_dressing_sans_plis,0,531,0%,10.5
https://pluscestsimple.com/hauteur-de-penderie-les-bonnes-dimensions-pour-suspendre-sans-froisser/#Materiaux_quincaillerie_et_finitions_durables,0,526,0%,10.4
https://pluscestsimple.com/meuleuse-ou-ponceuse-comment-selectionner-loutil-adapte-a-vos-besoins/#Techniques_et_conseils_dutilisation_pour_un_poncage_et_un_meulage_de_haute_precision,0,517,0%,7.56
https://pluscestsimple.com/didier-mathus-immobilier/,0,498,0%,9.36
https://pluscestsimple.com/entretoise-de-charpente-role-placement-et-erreurs-qui-fragilisent-la-structure/#Entretoise_de_charpente%E2%80%89_definition_et_role_anti-flambement,0,428,0%,8.47
https://pluscestsimple.com/hauteur-de-penderie-les-bonnes-dimensions-pour-suspendre-sans-froisser/#Profondeur_largeur_et_acces_les_cotes_qui_font_la_difference,0,419,0%,10.59
https://pluscestsimple.com/hauteur-de-penderie-les-bonnes-dimensions-pour-suspendre-sans-froisser/#Erreurs_frequentes_a_eviter_lors_du_montage,0,418,0%,10.59
https://pluscestsimple.com/entretoise-de-charpente-role-placement-et-erreurs-qui-fragilisent-la-structure/#Points_cles_a_retenir_pour_une_charpente_durable,0,368,0%,8.66
https://pluscestsimple.com/gris-2900-sable-menuiseries/#Comment_choisir_des_teintes_proches_et_accorder_la_facade_au_2900_sable,0,361,0%,9.22
https://pluscestsimple.com/gris-2900-sable-menuiseries/#Quest-ce_que_le_gris_2900_sable_et_pourquoi_change-t-il_laspect_des_menuiseries,0,361,0%,9.22
https://pluscestsimple.com/entretoise-de-charpente-role-placement-et-erreurs-qui-fragilisent-la-structure/#Placement_des_entretoises%E2%80%89_methode_entraxes_et_fixations,0,356,0%,8.53
https://pluscestsimple.com/entretoise-de-charpente-role-placement-et-erreurs-qui-fragilisent-la-structure/#Erreurs_de_pose_qui_fragilisent_la_structure,0,326,0%,8.57
https://pluscestsimple.com/blog/page/3/,0,324,0%,32.38
https://pluscestsimple.com/outil-indispensable-menuisier-les-essentiels-pour-travailler-efficacement-pour-professionnels/,0,293,0%,6.22
https://pluscestsimple.com/armoire-metallique-bureau-porte-coulissante-comment-choisir-le-modele-ideal-pour-optimiser-votre-espace-de-travail/,0,271,0%,52.38
https://pluscestsimple.com/occulter-un-velux-sans-store-solutions-efficaces-pour-dormir-dans-le-noir/#Quelles_solutions_textiles_pour_occulter_un_Velux_sans_store%E2%80%89,0,266,0%,5.71
https://pluscestsimple.com/amiante-diagnostic-surcout/,0,259,0%,9.67
https://pluscestsimple.com/occulter-un-velux-sans-store-solutions-efficaces-pour-dormir-dans-le-noir/#Rideaux_occultants_et_panneaux_japonais%E2%80%89_comment_les_poser_sur_une_fenetre_de_toit%E2%80%89,0,202,0%,5.85
https://pluscestsimple.com/occulter-un-velux-sans-store-solutions-efficaces-pour-dormir-dans-le-noir/#Stores_exterieurs_sur_Velux%E2%80%89_est-ce_vraiment_plus_efficace_contre_chaleur_et_lumiere%E2%80%89,0,199,0%,5.86
https://pluscestsimple.com/occulter-un-velux-sans-store-solutions-efficaces-pour-dormir-dans-le-noir/#Volet_roulant_DIY_pour_fenetre_de_toit%E2%80%89_faisable_sans_store_proprietaire%E2%80%89,0,199,0%,5.86
https://pluscestsimple.com/occulter-un-velux-sans-store-solutions-efficaces-pour-dormir-dans-le-noir/#Films_occultants_joints_et_finitions%E2%80%89_quelle_astuce_pour_gagner_les_derniers_pourcents%E2%80%89,0,198,0%,5.86
https://pluscestsimple.com/gris-2900-sable-menuiseries/#Le_%C2%AB_RAL_2900_%C2%BB_existe-t-il_vraiment_et_comment_sy_retrouver,0,192,0%,9.03
https://pluscestsimple.com/gris-2900-sable-menuiseries/#Quelles_applications_reussies_sur_fenetres_portails_et_accessoires_exterieurs,0,192,0%,9.03
https://pluscestsimple.com/gris-2900-sable-menuiseries/#Quelles_precautions_de_pose_et_dentretien_pour_preserver_performances_et_esthetique,0,192,0%,9.03
https://pluscestsimple.com/charpente-beton-maison/,0,151,0%,15.04
https://pluscestsimple.com/compatibilimetre/regle/douche-italienne-sans-receveur-a-litalienne/,0,134,0%,20.96
https://pluscestsimple.com/bien-choisir-son-agence-immobiliere-a-luxembourg-ville-methode-prix-pieges-a-eviter/,0,129,0%,11.64
https://pluscestsimple.com/mur-porteur-maison-1970/#Quelles_erreurs_frequentes_eviter_avant_dabattre_un_mur_en_maison_1970%E2%80%89,0,124,0%,4.06
https://pluscestsimple.com/mur-porteur-maison-1970/#Quest-ce_quun_mur_porteur_dans_une_maison_des_annees_1970%E2%80%89,0,123,0%,4.07
https://pluscestsimple.com/compatibilimetre/regle/piscine-enterree-10-m²-sans-permis/,0,123,0%,31.77
https://pluscestsimple.com/plantes-anti-marc-cafe/,0,120,0%,13.81
https://pluscestsimple.com/humidite-causes-solutions/,0,118,0%,40.21
https://pluscestsimple.com/mur-porteur-maison-1970/#Comment_preparer_une_ouverture_sans_risque_dans_un_mur_porteur_identifie%E2%80%89,0,113,0%,4.04
https://pluscestsimple.com/mur-porteur-maison-1970/#Comment_reconnaitre_un_mur_porteur_sans_casser%E2%80%89_tests_simples_et_fiables,0,112,0%,4.04
https://pluscestsimple.com/mur-porteur-maison-1970/#Quand_et_pourquoi_faire_valider_par_un_pro_avant_travaux%E2%80%89,0,112,0%,4.04
https://pluscestsimple.com/mur-porteur-maison-1970/#Quels_indices_propres_aux_annees_1970_font_la_difference%E2%80%89,0,112,0%,4.04
https://pluscestsimple.com/compatibilimetre/regle/terrasse-bois-sur-une-dalle-beton/,0,110,0%,14.74
https://pluscestsimple.com/compatibilimetre/regle/micro-ondes-encastre-au-dessus-du-four/,0,108,0%,9.39
https://pluscestsimple.com/outils-club-elec-fr/,0,108,0%,10.31
https://pluscestsimple.com/avis-cuisine-hacker/#Pour_qui_une_cuisine_Hacker_est-elle_vraiment_pertinente,0,107,0%,6.93
https://pluscestsimple.com/renonce-t3-fissures-structurelles/,0,106,0%,12.09
https://pluscestsimple.com/avis-cuisine-hacker/#Service_delais_pose_a_quoi_sattendre_avec_Hacker_et_son_reseau,0,99,0%,6.98
https://pluscestsimple.com/,0,80,0%,7.83
https://pluscestsimple.com/compatibilimetre/regle/enduit-imitation-beton-sur-beton-cellulaire/,0,68,0%,19.88
https://pluscestsimple.com/category/immobilier/,0,68,0%,24.09
https://pluscestsimple.com/compatibilimetre/regle/beton-cire-sur-carrelage-existant/,0,68,0%,40.6
https://pluscestsimple.com/chambre-cocooning-beige-blanc/,0,67,0%,9.31
https://pluscestsimple.com/cuisine-terracotta-blanc/,0,65,0%,9.06
https://pluscestsimple.com/category/jardin/,0,64,0%,48.12
https://pluscestsimple.com/teinter-une-moquette-possible-ou-galere-assuree/#Points_cles_a_retenir_pour_teinter_une_moquette_sans_galere,0,62,0%,9.92
https://pluscestsimple.com/teinter-une-moquette-possible-ou-galere-assuree/#Teinture_peinture_ou_remplacement_que_choisir_selon_letat_de_la_moquette,0,62,0%,9.92
https://pluscestsimple.com/teinter-une-moquette-possible-ou-galere-assuree/#Quand_remplacer_plutot_que_teindre_pose_propre_et_durable_sans_mauvaise_surprise,0,61,0%,9.95
https://pluscestsimple.com/parpaing-isolant-ponts-thermiques/,0,61,0%,13.23
https://pluscestsimple.com/compatibilimetre/regle/amenager-les-combles-sans-toucher-a-la-charpente/,0,61,0%,56.26
https://pluscestsimple.com/compatibilimetre/regle/cloture-mitoyenne-posee-sans-accord-du-voisin/,0,60,0%,20.37
https://pluscestsimple.com/hvest-deco-abordable/,0,59,0%,10.61
https://pluscestsimple.com/compatibilimetre/regle/radiateur-electrique-inertie-seche-vs-fluide/,0,59,0%,55.07
https://pluscestsimple.com/blog/,0,58,0%,15.28
https://pluscestsimple.com/avis-cuisine-hacker/#Les_cuisines_Hacker_valent-elles_leur_prix_haut_de_gamme,0,57,0%,6.93
https://pluscestsimple.com/compatibilimetre/regle/pergola-adossee-20-m²-sans-permis/,0,57,0%,19.42
https://pluscestsimple.com/avis-cuisine-hacker/#Hacker_Concept130_ou_Systemat_quelle_gamme_choisir_pour_votre_projet,0,55,0%,6.91
https://pluscestsimple.com/compatibilimetre/regle/cloison-phonique-entre-2-chambres/,0,55,0%,37.8
https://pluscestsimple.com/compatibilimetre/regle/cloison-amovible-modulable-en-bureau-professionnel/,0,54,0%,18.61
https://pluscestsimple.com/avis-cuisine-hacker/#Quelles_alternatives_credibles_a_Hacker_pour_optimiser_le_budget,0,52,0%,6.96
https://pluscestsimple.com/defauts-prix-notaire/,0,52,0%,9.85
https://pluscestsimple.com/compatibilimetre/regle/cloison-alveolaire-dans-une-chambre/,0,51,0%,13.9
https://pluscestsimple.com/compatibilimetre/regle/cuisine-ouverte-sans-vmc-dediee/,0,51,0%,14.31
https://pluscestsimple.com/compatibilimetre/regle/interrupteur-dans-une-douche/,0,51,0%,14.59
https://pluscestsimple.com/comment-choisir-la-taille-ideale-de-sa-tete-de-lit/,0,51,0%,23.27
https://pluscestsimple.com/de-lexpresso-serre-au-latte-la-machine-a-grain-qui-vous-ressemble/,0,51,0%,25.29
https://pluscestsimple.com/compatibilimetre/regle/pente-devacuation-wc/,0,49,0%,38.92
https://pluscestsimple.com/plantes-exterieur-sans-entretien/,0,48,0%,29.6
https://pluscestsimple.com/compatibilimetre/regle/poulailler-dans-un-lotissement-residentiel/,0,47,0%,15.13
https://pluscestsimple.com/compatibilimetre/regle/betonner-un-sous-sol-pour-etancheite/,0,46,0%,10.17
https://pluscestsimple.com/traiter-vrillettes-charpente/,0,44,0%,12.16
https://pluscestsimple.com/compatibilimetre/regle/carrelage-xxl-en-pente-de-douche/,0,42,0%,10.29
https://pluscestsimple.com/compatibilimetre/regle/spots-led-encastres-en-faux-plafond-isole-en-ba13/,0,41,0%,8.27
https://pluscestsimple.com/compatibilimetre/regle/robinet-col-de-cygne-sur-evier-monobloc/,0,41,0%,9.49
https://pluscestsimple.com/contact/,0,40,0%,6.83
https://pluscestsimple.com/compatibilimetre/regle/spa-hors-sol-10-m²-sans-declaration/,0,40,0%,8.7
https://pluscestsimple.com/compatibilimetre/regle/poele-a-granules-etanche-en-vmc-double-flux/,0,39,0%,15.38
https://pluscestsimple.com/compatibilimetre/regle/evacuation-lave-linge-en-garage-non-chauffe/,0,38,0%,9.24
https://pluscestsimple.com/decaper-de-la-peinture-sur-metal-methode-efficace-sans-gondoler-la-tole/#Decaper_de_la_peinture_sur_metal_sans_gondoler_la_tole_bases_et_diagnostic,0,38,0%,9.63
https://pluscestsimple.com/compatibilimetre/regle/casser-une-cloison-non-porteuse/,0,38,0%,9.66
https://pluscestsimple.com/cuisine-ouverte-salon/,0,38,0%,30.03
https://pluscestsimple.com/compatibilimetre/regle/crepi-decoratif-interieur/,0,38,0%,61.08
https://pluscestsimple.com/comment-reconnaitre-une-vraie-chaise-baumann-astuces-simples-mais-indispensables/#Comment_reconnaitre_une_vraie_chaise_Baumann_criteres_dauthenticite_a_loeil_nu,0,37,0%,6.08
https://pluscestsimple.com/comment-reconnaitre-une-vraie-chaise-baumann-astuces-simples-mais-indispensables/#Estimer_la_valeur_dune_chaise_Baumann_en_2025_cotes_et_facteurs,0,36,0%,6.14
https://pluscestsimple.com/compatibilimetre/regle/peinture-sur-placo-neuf-sans-preparation/,0,35,0%,11.46
https://pluscestsimple.com/compatibilimetre/regle/surelever-une-maison-ancienne-1-etage/,0,35,0%,12.97
https://pluscestsimple.com/comment-reconnaitre-une-vraie-chaise-baumann-astuces-simples-mais-indispensables/#Modeles_emblematiques_Baumann_bistrot_modernes_60%E2%80%9370_enfants,0,33,0%,5.82
https://pluscestsimple.com/comment-reconnaitre-une-vraie-chaise-baumann-astuces-simples-mais-indispensables/#Pourquoi_reconnaitre_lauthentique_culture_durabilite_et_economie,0,33,0%,5.82
https://pluscestsimple.com/compatibilimetre/regle/casser-un-poteau-metallique-dorigine-ipn-visible/,0,33,0%,6.85
https://pluscestsimple.com/comment-reconnaitre-une-vraie-chaise-baumann-astuces-simples-mais-indispensables/#Achat_securise_dune_chaise_Baumann_check-list_avant_paiement,0,32,0%,5.88
https://pluscestsimple.com/comment-reconnaitre-une-vraie-chaise-baumann-astuces-simples-mais-indispensables/#En_bref_%E2%80%94_reconnaitre_une_chaise_Baumann_authentique,0,32,0%,5.88
https://pluscestsimple.com/comment-reconnaitre-une-vraie-chaise-baumann-astuces-simples-mais-indispensables/#Reperer_les_contrefacons_et_restaurations_lourdes_signes_dalerte,0,32,0%,5.88
https://pluscestsimple.com/category/travaux/,0,32,0%,12.16
https://pluscestsimple.com/compatibilimetre/regle/peindre-directement-sur-du-papier-peint/,0,32,0%,44.75
https://pluscestsimple.com/compatibilimetre/regle/terrasse-au-dessus-dun-garage-non-isole/,0,31,0%,14.45
https://pluscestsimple.com/crottin-loire-fromage-chevre/,0,31,0%,15.71
https://pluscestsimple.com/un-parpaing-ca-pese-combien-et-comment-le-porter-sans-se-casser-le-dos/#Un_parpaing_ca_pese_combien_valeurs_de_reference_et_normes,0,30,0%,9.43
https://pluscestsimple.com/decaper-de-la-peinture-sur-metal-methode-efficace-sans-gondoler-la-tole/#Decapant_peinture_metal_chimique_methode_propre_pour_formes_complexes,0,30,0%,10.07
https://pluscestsimple.com/compatibilimetre/regle/eclairage-ip44-obligatoire-en-zone-1-sdb/,0,29,0%,18.14
https://pluscestsimple.com/compatibilimetre/regle/garage-transforme-en-piece-habitable-sans-permis/,0,29,0%,18.76
https://pluscestsimple.com/compatibilimetre/regle/plinthes-carrelees-vs-plinthes-bois-sur-parquet/,0,29,0%,27.79
https://pluscestsimple.com/compatibilimetre/regle/parquet-flottant-sur-plancher-chauffant/,0,29,0%,41.79
https://pluscestsimple.com/comment-nettoyer-efficacement-un-travertin-noirci-et-lui-redonner-son-eclat/#Methode_pas_a_pas_pour_nettoyer_efficacement_un_travertin_noirci_sans_labimer,0,28,0%,8.25
https://pluscestsimple.com/compatibilimetre/regle/casser-un-linteau-au-dessus-dune-porte/,0,28,0%,9.18
https://pluscestsimple.com/un-parpaing-ca-pese-combien-et-comment-le-porter-sans-se-casser-le-dos/#Comment_porter_un_parpaing_sans_se_casser_le_dos,0,28,0%,9.43
https://pluscestsimple.com/decaper-de-la-peinture-sur-metal-methode-efficace-sans-gondoler-la-tole/#Decapage_mecanique_et_alternatives_naturelles_brosse_poncage_aerogommage,0,28,0%,9.89
https://pluscestsimple.com/un-parpaing-ca-pese-combien-et-comment-le-porter-sans-se-casser-le-dos/#Calculer_le_poids_total%E2%80%89_palettes_transport_et_charges_sur_structure,0,27,0%,9.26
https://pluscestsimple.com/joy-lamp-lucide-rechargeable/,0,27,0%,9.63
https://pluscestsimple.com/habiller-espace-poutres-plafond/,0,26,0%,7.38
https://pluscestsimple.com/habiller-plafond-poutres/,0,26,0%,7.96
https://pluscestsimple.com/decaper-de-la-peinture-sur-metal-methode-efficace-sans-gondoler-la-tole/#Erreurs_frequentes_qui_font_gondoler_ou_rouiller,0,26,0%,9.77
https://pluscestsimple.com/deco-bois-flotte-idees-simples-pour-un-rendu-naturel-pas-bord-de-mer-kitsch/,0,26,0%,17
https://pluscestsimple.com/compatibilimetre/regle/per-en-apparent/,0,26,0%,19.27
https://pluscestsimple.com/compatibilimetre/regle/cable-vdi-passant-a-cote-dun-cable-electrique/,0,25,0%,7.44
https://pluscestsimple.com/comment-nettoyer-efficacement-un-travertin-noirci-et-lui-redonner-son-eclat/#Check-list_dentretien_du_travertin_pour_preserver_leclat,0,25,0%,8.44
https://pluscestsimple.com/comment-nettoyer-efficacement-un-travertin-noirci-et-lui-redonner-son-eclat/#Taches_sur_travertin_noirci_solutions_sures_et_recettes_qui_fonctionnent,0,25,0%,8.44
https://pluscestsimple.com/comment-nettoyer-efficacement-un-travertin-noirci-et-lui-redonner-son-eclat/#Nettoyer_un_travertin_noirci_causes_et_diagnostic_rapide,0,25,0%,8.68
https://pluscestsimple.com/un-parpaing-ca-pese-combien-et-comment-le-porter-sans-se-casser-le-dos/#Alternatives_plus_legeres_et_efficacite_energetique,0,25,0%,9.24
https://pluscestsimple.com/un-parpaing-ca-pese-combien-et-comment-le-porter-sans-se-casser-le-dos/#Creux_plein_a_bancher_impact_sur_le_poids_et_le_chantier,0,25,0%,9.24
https://pluscestsimple.com/un-parpaing-ca-pese-combien-et-comment-le-porter-sans-se-casser-le-dos/#Facteurs_qui_font_varier_le_poids_granulats_humidite_et_alveoles,0,25,0%,9.24
https://pluscestsimple.com/decaper-de-la-peinture-sur-metal-methode-efficace-sans-gondoler-la-tole/#Decapage_thermique_sur_metal_mince_reglages_gestes_et_securite,0,25,0%,9.92
https://pluscestsimple.com/compatibilimetre/regle/pierre-naturelle-marbre-travertin-dans-une-douche/,0,25,0%,26.12
https://pluscestsimple.com/compatibilimetre/regle/baignoire-douche-acrylique-vs-fonte/,0,25,0%,36.36
https://pluscestsimple.com/travertin-noirci-decapat/,0,24,0%,6.79
https://pluscestsimple.com/comment-nettoyer-efficacement-un-travertin-noirci-et-lui-redonner-son-eclat/#Etude_de_cas_concrete_terrasse_en_travertin_noirci_remise_a_neuf,0,24,0%,8.58
https://pluscestsimple.com/prise-electrique-ne-fonctionne/,0,24,0%,16.08
https://pluscestsimple.com/compatibilimetre/regle/enduit-decoratif-sur-peinture-brillante/,0,24,0%,27.12
https://pluscestsimple.com/menu/,0,23,0%,4.74
https://pluscestsimple.com/compatibilimetre/regle/meuble-suspendu-sur-cloison-alveolaire-en-sdb/,0,23,0%,9.96
https://pluscestsimple.com/pompe-chaleur-maison-pierre/,0,23,0%,9.96
https://pluscestsimple.com/decaper-de-la-peinture-sur-metal-methode-efficace-sans-gondoler-la-tole/#Comparatif_express_des_trois_techniques_de_decapage_sur_metal,0,23,0%,10.22
https://pluscestsimple.com/decaper-de-la-peinture-sur-metal-methode-efficace-sans-gondoler-la-tole/#Preparer_et_proteger_le_metal_apres_decapage_antirouille_et_peintures,0,23,0%,10.22
https://pluscestsimple.com/compatibilimetre/regle/parquet-en-point-de-hongrie-en-renovation/,0,23,0%,21.22
https://pluscestsimple.com/comment-demonter-un-canape-convertible-facilement-et-en-toute-securite/#Etapes_de_demontage_dun_canape_convertible_pas_a_pas,0,22,0%,8.82
https://pluscestsimple.com/comment-demonter-un-canape-convertible-facilement-et-en-toute-securite/#Preparer_le_demontage_dun_canape_convertible_en_toute_securite,0,22,0%,8.82
https://pluscestsimple.com/comment-nettoyer-efficacement-un-travertin-noirci-et-lui-redonner-son-eclat/#Erreurs_frequentes_a_eviter_et_bonnes_pratiques_pour_un_travertin_eclatant,0,22,0%,8.95
https://pluscestsimple.com/comment-nettoyer-efficacement-un-travertin-noirci-et-lui-redonner-son-eclat/#Proteger_et_raviver_leclat_hydrofuge_finition_et_entretien_en_2025,0,22,0%,8.95
https://pluscestsimple.com/compatibilimetre/regle/ilot-central-avec-plaque-sans-hotte/,0,21,0%,6.24
https://pluscestsimple.com/compatibilimetre/regle/moisissure-derriere-placard-contre-mur-froid/,0,21,0%,18.1
https://pluscestsimple.com/compatibilimetre/regle/moquette-dans-une-salle-de-bain/,0,21,0%,18.33
https://pluscestsimple.com/compatibilimetre/regle/toiture-vegetalisee-sur-abri-jardin/,0,21,0%,25.9
https://pluscestsimple.com/compatibilimetre/regle/peinture-sur-radiateur-en-fonte-ancien/,0,20,0%,16.3
https://pluscestsimple.com/compatibilimetre/regle/miroir-chauffant-en-sdb/,0,20,0%,24.35
https://pluscestsimple.com/renovation-lyon-142m2/,0,20,0%,27.05
https://pluscestsimple.com/compatibilimetre/regle/robinet-thermostatique-sur-radiateur-en-chauffage-pac/,0,19,0%,7.47
https://pluscestsimple.com/comment-demonter-un-canape-convertible-facilement-et-en-toute-securite/#Cas_particuliers%E2%80%89_canape_dangle_et_mecanisme_Rapido,0,19,0%,8.68
https://pluscestsimple.com/comment-demonter-un-canape-convertible-facilement-et-en-toute-securite/#Emballer_transporter_et_remonter_sans_degats,0,19,0%,8.68
https://pluscestsimple.com/comment-demonter-un-canape-convertible-facilement-et-en-toute-securite/#Erreurs_frequentes_a_eviter_et_bonnes_pratiques,0,19,0%,8.68
https://pluscestsimple.com/compatibilimetre/regle/reducteur-de-pression-obligatoire/,0,19,0%,37.42
https://pluscestsimple.com/compatibilimetre/regle/amenager-une-cave-en-piece-de-vie/,0,19,0%,48.32
https://pluscestsimple.com/renovation-complete-par-ou-commencer-guide-etape-par-etape-2025/,0,18,0%,7.94
https://pluscestsimple.com/compatibilimetre/regle/tonnelle-fixe-vs-mobile-urbanisme/,0,18,0%,8.94
https://pluscestsimple.com/compatibilimetre/regle/suspendre-des-meubles-muraux-haute-capacite-cuisine-bibliotheque/,0,18,0%,16
https://pluscestsimple.com/compatibilimetre/regle/cable-rj45-categorie-6-vs-categorie-7-en-habitat/,0,18,0%,16.89
https://pluscestsimple.com/compatibilimetre/regle/prise-exterieure-sans-ip44/,0,18,0%,34.11
https://pluscestsimple.com/compatibilimetre/regle/parquet-massif-sur-plancher-chauffant-hydraulique/,0,18,0%,66.83
https://pluscestsimple.com/compatibilimetre/regle/hotte-au-charbon-dans-une-cuisine-fermee/,0,17,0%,7.41
https://pluscestsimple.com/compatibilimetre/regle/cloison-sur-dalle-beton-sans-frein-vapeur/,0,17,0%,7.59
https://pluscestsimple.com/position-assise-au-bureau-conseils-pour-prevenir-les-douleurs-dorsales/,0,17,0%,8.18
https://pluscestsimple.com/renforcer-un-placo-deja-pose-methodes-efficaces-pour-solidifier-vos-murs/#Chevilles_pour_placo_Molly_et_alternatives_pour_charges_petites_a_moyennes,0,17,0%,8.24
https://pluscestsimple.com/renforcer-un-placo-deja-pose-methodes-efficaces-pour-solidifier-vos-murs/#Se_fixer_dans_lossature_la_methode_la_plus_fiable_pour_solidifier_un_mur_en_placo,0,17,0%,8.24
https://pluscestsimple.com/compatibilimetre/regle/bonde-de-sol-douche-italienne-sans-pente-correcte/,0,16,0%,8.31
https://pluscestsimple.com/compatibilimetre/regle/terrasse-bois-en-bord-de-piscine/,0,16,0%,8.38
https://pluscestsimple.com/renforcer-un-placo-deja-pose-methodes-efficaces-pour-solidifier-vos-murs/#Autres_options_pour_solidifier_un_mur_en_placo_existant_montants_plaques_de_renfort_mousse_composites,0,16,0%,8.38
https://pluscestsimple.com/renforcer-un-placo-deja-pose-methodes-efficaces-pour-solidifier-vos-murs/#Erreurs_frequentes_a_eviter_et_bonnes_pratiques_de_pose,0,16,0%,8.38
https://pluscestsimple.com/travaux-avant-la-vente-ceux-qui-rapportent-vraiment-et-ceux-qui-vous-coutent-pour-rien/,0,16,0%,10.31
https://pluscestsimple.com/category/maison/,0,16,0%,12.44
https://pluscestsimple.com/compatibilimetre/,0,16,0%,18.94
https://pluscestsimple.com/author/francois/page/4/,0,16,0%,22.75
https://pluscestsimple.com/jardin/,0,15,0%,7.07
https://pluscestsimple.com/compatibilimetre/regle/piscine-sans-cloture-de-securite-enfants/,0,15,0%,7.13
https://pluscestsimple.com/renforcer-un-placo-deja-pose-methodes-efficaces-pour-solidifier-vos-murs/#Exemple_concret_TV_30_kg_sur_cloison_BA13_renforcement_sans_tout_demonter,0,15,0%,8.33
https://pluscestsimple.com/renforcer-un-placo-deja-pose-methodes-efficaces-pour-solidifier-vos-murs/#Renforcement_tres_lourd_platine_en_bois_vissee_dans_plusieurs_montants,0,15,0%,8.33
https://pluscestsimple.com/compatibilimetre/regle/refaire-son-tableau-electrique-soi-meme/,0,15,0%,13.87
https://pluscestsimple.com/compatibilimetre/regle/vinyle-lvt-colle-sur-plancher-chauffant/,0,15,0%,20.8
https://pluscestsimple.com/compatibilimetre/regle/prise-usb-encastree-en-remplacement-prise-classique/,0,14,0%,12.86
https://pluscestsimple.com/compatibilimetre/regle/receveur-de-douche-encastre-sur-plancher-etage-bois/,0,14,0%,28.79
https://pluscestsimple.com/blog/page/4/,0,13,0%,6.77
https://pluscestsimple.com/compatibilimetre/regle/suspendre-une-tv-sur-mur-beton-vs-placo/,0,13,0%,7.38
https://pluscestsimple.com/compatibilimetre/regle/casser-un-mur-porteur-soi-meme/,0,13,0%,8.23
https://pluscestsimple.com/compatibilimetre/regle/purger-un-reseau-ecs-apparent-en-hiver/,0,13,0%,8.77
https://pluscestsimple.com/compatibilimetre/regle/miroir-avec-spots-led-integres-en-sdb/,0,13,0%,11
https://pluscestsimple.com/compatibilimetre/regle/enterrer-partiellement-un-pignon-creation-garage-en-sous-sol/,0,13,0%,11.15
https://pluscestsimple.com/compatibilimetre/regle/borne-de-recharge-ve-en-parking-copropriete/,0,13,0%,20.46
https://pluscestsimple.com/compatibilimetre/regle/abri-de-jardin-5-m²-sans-declaration/,0,13,0%,45.15
https://pluscestsimple.com/compatibilimetre/regle/carrelage-sur-ancien-carrelage/,0,13,0%,52.77
https://pluscestsimple.com/compatibilimetre/regle/poele-a-bois-sans-conduit-existant/,0,13,0%,64.77
https://pluscestsimple.com/avis-mister-menuiserie-notre-analyse-complete-et-honnete-2025/#Faiblesses_critiques_de_Mister_Menuiserie,0,12,0%,8.58
https://pluscestsimple.com/avis-mister-menuiserie-notre-analyse-complete-et-honnete-2025/#Forces_de_Mister_Menuiserie,0,12,0%,8.58
https://pluscestsimple.com/avis-mister-menuiserie-notre-analyse-complete-et-honnete-2025/#Garanties_et_politique_retour,0,12,0%,8.58
https://pluscestsimple.com/avis-mister-menuiserie-notre-analyse-complete-et-honnete-2025/#Pourquoi_sinteresser_a_Mister_Menuiserie_dans_le_secteur_menuiserie_alu,0,12,0%,8.58
https://pluscestsimple.com/avis-mister-menuiserie-notre-analyse-complete-et-honnete-2025/#Presentation_de_Mister_Menuiserie_qui_se_cache_derriere_cette_marque,0,12,0%,8.58
https://pluscestsimple.com/avis-mister-menuiserie-notre-analyse-complete-et-honnete-2025/#Prix_et_positionnement_tarifaire,0,12,0%,8.58
https://pluscestsimple.com/lifestyle/,0,12,0%,10.58
https://pluscestsimple.com/compatibilimetre/regle/amenager-une-mezzanine-dans-un-volume-existant/,0,12,0%,11
https://pluscestsimple.com/compatibilimetre/regle/appoint-electrique-sur-pac-air-eau/,0,12,0%,14.25
https://pluscestsimple.com/compatibilimetre/regle/pac-geothermie-en-lotissement/,0,12,0%,38.42
https://pluscestsimple.com/compatibilimetre/regle/carrelage-sans-chape-sur-plancher-bois/,0,11,0%,5.45
https://pluscestsimple.com/category/divers/,0,11,0%,6
https://pluscestsimple.com/decoration/,0,11,0%,7.27
https://pluscestsimple.com/avis-mister-menuiserie-notre-analyse-complete-et-honnete-2025/#Service_client_et_SAV_defaillance_majeure,0,11,0%,8.73
https://pluscestsimple.com/compatibilimetre/regle/peinture-interieure-mur-expose-sud-variations-thermiques/,0,11,0%,9.64
https://pluscestsimple.com/compatibilimetre/regle/lave-vaisselle-60-cm-dans-un-emplacement-55-cm/,0,11,0%,13.18
https://pluscestsimple.com/category/deco/,0,11,0%,15.73
https://pluscestsimple.com/compatibilimetre/regle/credence-en-miroir-derriere-plaque/,0,11,0%,19.09
https://pluscestsimple.com/compatibilimetre/regle/peinture-mate-sur-platre-ancien-fissure/,0,10,0%,6.4
https://pluscestsimple.com/compatibilimetre/regle/casser-une-trumeau-pan-de-mur-entre-deux-fenetres/,0,10,0%,7.6
https://pluscestsimple.com/alcaliniser-eau-robinet/#Alcaliniser_leau_du_robinet_a_la_maison_que_signifie_%C2%AB_eau_alcaline_%C2%BB_et_quel_pH_viser,0,10,0%,7.9
https://pluscestsimple.com/alcaliniser-eau-robinet/#Comment_alcaliniser_leau_du_robinet_avec_du_bicarbonate_alimentaire_sans_denaturer_le_gout,0,10,0%,7.9
https://pluscestsimple.com/kit-media/,0,10,0%,27.8
https://pluscestsimple.com/compatibilimetre/regle/fond-devier-en-ceramique-massive/,0,10,0%,53.5
https://pluscestsimple.com/compatibilimetre/regle/parement-bois-sur-isolant-interieur-pse-pur/,0,9,0%,5.67
https://pluscestsimple.com/blog/page/5/,0,9,0%,7
https://pluscestsimple.com/compatibilimetre/regle/pomme-de-douche-eco-vs-debit-nominal/,0,9,0%,7.67
https://pluscestsimple.com/massif-avec-pouzzolane-bonne-idee-pour-drainer-mais-a-quelles-conditions/#Avantages_et_limites%E2%80%89_quand_la_pouzzolane_est_la_bonne_reponse_ou_non,0,9,0%,8.56
https://pluscestsimple.com/massif-avec-pouzzolane-bonne-idee-pour-drainer-mais-a-quelles-conditions/#Cas_pratique_2026%E2%80%89_massif_mediterraneen_sur_sol_argileux_retour_dexperience,0,9,0%,8.56
https://pluscestsimple.com/massif-avec-pouzzolane-bonne-idee-pour-drainer-mais-a-quelles-conditions/#Massif_avec_pouzzolane%E2%80%89_conditions_de_drainage_climat_et_choix_des_plantes,0,9,0%,8.56
https://pluscestsimple.com/massif-avec-pouzzolane-bonne-idee-pour-drainer-mais-a-quelles-conditions/#Pose_dun_massif_en_pouzzolane%E2%80%89_etapes_epaisseurs_et_bordures,0,9,0%,8.56
https://pluscestsimple.com/crepir-mur-parpaing/#Comment_entretenir_et_reparer_un_crepi_sur_parpaing_dans_le_temps%E2%80%AF,0,9,0%,8.67
https://pluscestsimple.com/crepir-mur-parpaing/#Quels_materiaux_et_outils_choisir_pour_un_crepi_durable_sur_parpaing%E2%80%AF,0,9,0%,8.67
https://pluscestsimple.com/compatibilimetre/regle/salle-de-bain-sans-vmc/,0,9,0%,26.89
https://pluscestsimple.com/compatibilimetre/regle/peinture-vinylique-en-cuisine/,0,9,0%,56.89
https://pluscestsimple.com/author/francois/,0,8,0%,4.88
https://pluscestsimple.com/architecture/,0,8,0%,5.88
https://pluscestsimple.com/compatibilimetre/regle/vasque-en-pierre-massive-sur-meuble-suspendu/,0,8,0%,6.38
https://pluscestsimple.com/coffrage-beton-pour-dalle-comment-le-faire-droit-et-solide-sans-prise-de-tete/#Coffrage_beton_pour_dalle_les_bases_pour_un_resultat_droit_et_solide,0,8,0%,7.25
https://pluscestsimple.com/coffrage-beton-pour-dalle-comment-le-faire-droit-et-solide-sans-prise-de-tete/#Erreurs_frequentes_a_eviter_sur_un_coffrage_de_dalle,0,8,0%,7.25
https://pluscestsimple.com/alcaliniser-eau-robinet/#Citron_concombre_menthe_ces_infusions_%C2%AB_acides_%C2%BB_alcalinisent-elles_vraiment_leau,0,8,0%,7.5
https://pluscestsimple.com/alcaliniser-eau-robinet/#Filtres_alcalinisants_et_ioniseurs_deau_quel_systeme_choisir_a_la_maison_sans_se_tromper,0,8,0%,7.5
https://pluscestsimple.com/alcaliniser-eau-robinet/#Mesurer_le_pH_et_integrer_leau_alcaline_sans_perturber_la_digestion_quelles_bonnes_pratiques,0,8,0%,7.5
https://pluscestsimple.com/compatibilimetre/regle/casser-une-cheminee-non-porteuse/,0,8,0%,8.5
https://pluscestsimple.com/compatibilimetre/regle/sol-pvc-dans-une-cuisine/,0,8,0%,8.5
https://pluscestsimple.com/crepir-mur-parpaing/#Comment_bien_preparer_un_mur_en_parpaing_avant_lenduit%E2%80%AF,0,8,0%,8.5
https://pluscestsimple.com/crepir-mur-parpaing/#Pourquoi_crepir_un_mur_en_parpaing_soi-meme_et_quels_benefices_attendre%E2%80%AF,0,8,0%,8.5
https://pluscestsimple.com/crepir-mur-parpaing/#Quelles_sont_les_etapes_dapplication_pour_un_crepi_propre_et_durable%E2%80%AF,0,8,0%,8.5
https://pluscestsimple.com/compatibilimetre/regle/sol-stratifie-dans-une-entree-a-fort-passage/,0,8,0%,9.5
https://pluscestsimple.com/compatibilimetre/regle/isolation-thermique-sous-parquet-en-renovation/,0,8,0%,10.38
https://pluscestsimple.com/immobilier/,0,8,0%,11.75
https://pluscestsimple.com/nettoyer-four-sans-produits/,0,8,0%,13.25
https://pluscestsimple.com/cookies/,0,8,0%,14.75
https://pluscestsimple.com/politique-confidentialite/,0,8,0%,18.62
https://pluscestsimple.com/compatibilimetre/regle/verriere-atelier-dans-une-cuisine-ouverte/,0,8,0%,19.5
https://pluscestsimple.com/compatibilimetre/regle/terrasse-composite-plein-sud/,0,8,0%,25.75
https://pluscestsimple.com/compatibilimetre/regle/resine-epoxy-au-sol-dans-un-garage/,0,8,0%,26.12
https://pluscestsimple.com/author/francois/page/2/,0,8,0%,36.25
https://pluscestsimple.com/compatibilimetre/regle/stratifie-sur-moquette-existante/,0,8,0%,56.5
https://pluscestsimple.com/compatibilimetre/regle/peindre-par-dessus-une-ite/,0,7,0%,5.71
https://pluscestsimple.com/compatibilimetre/regle/plan-de-travail-bois-reversible-face-inox/,0,7,0%,7.57
https://pluscestsimple.com/map-mortier-utilisation/,0,7,0%,8.43
https://pluscestsimple.com/sci-is-vs-lmnp/,0,7,0%,9.14
https://pluscestsimple.com/author/francois/page/3/,0,7,0%,9.43
https://pluscestsimple.com/terrasse-en-bois-sur-parpaing-guide-complet-pour-une-installation-reussie/#Finitions_entretien_et_valorisation_saturateur_eclairage_et_gestion_de_leau,0,7,0%,9.71
https://pluscestsimple.com/terrasse-en-bois-sur-parpaing-guide-complet-pour-une-installation-reussie/#Terrasse_en_bois_sur_parpaing_principes_atouts_et_limites,0,7,0%,9.71
https://pluscestsimple.com/wp-content/uploads/2026/02/Entretoise-de-charpente-role-placement-et-erreurs-qui-fragilisent-la-structure-1.jpg,0,7,0%,10.14
https://pluscestsimple.com/compatibilimetre/regle/baignoire-installee-en-sous-sol/,0,7,0%,15.43
https://pluscestsimple.com/wp-content/uploads/2026/02/Entretoise-de-charpente-role-placement-et-erreurs-qui-fragilisent-la-structure.jpg,0,7,0%,18.71
https://pluscestsimple.com/compatibilimetre/regle/chaudiere-gaz-a-condensation-en-remplacement-chaudiere-fioul/,0,7,0%,33.43
https://pluscestsimple.com/compatibilimetre/regle/liege-au-sol-dans-un-sejour/,0,6,0%,5
https://pluscestsimple.com/travaux/,0,6,0%,5.5
https://pluscestsimple.com/coffrage-beton-pour-dalle-comment-le-faire-droit-et-solide-sans-prise-de-tete/#Couler_dans_un_coffrage_qui_tient_gestes_simples_resultat_propre,0,6,0%,7
https://pluscestsimple.com/coffrage-beton-pour-dalle-comment-le-faire-droit-et-solide-sans-prise-de-tete/#Ferraillage_joints_et_reservations_penser_avant_de_couler,0,6,0%,7
https://pluscestsimple.com/coffrage-beton-pour-dalle-comment-le-faire-droit-et-solide-sans-prise-de-tete/#Tracage_niveau_et_angles_la_methode_inratable_sur_chantier,0,6,0%,7
https://pluscestsimple.com/compatibilimetre/regle/vasque-a-poser-sur-meuble-bois-brut/,0,6,0%,9
https://pluscestsimple.com/compatibilimetre/regle/prise-sous-plan-de-travail-integree/,0,6,0%,11.83
https://pluscestsimple.com/wp-content/uploads/2026/01/Muraliere-a-quoi-ca-sert-ou-la-fixer-et-quand-elle-devient-obligatoire.jpg,0,6,0%,12.5
https://pluscestsimple.com/compatibilimetre/regle/raccordement-chaudiere-sur-conduit-non-tube/,0,6,0%,18.33
https://pluscestsimple.com/compatibilimetre/regle/papier-peint-dans-une-salle-de-bain/,0,6,0%,27.5
https://pluscestsimple.com/compatibilimetre/categorie/structure/,0,6,0%,45.5
https://pluscestsimple.com/compatibilimetre/regle/plancher-chauffant-en-salle-de-bain/,0,6,0%,50.5
https://pluscestsimple.com/compatibilimetre/categorie/cloisons/,0,6,0%,58.5
https://pluscestsimple.com/compatibilimetre/regle/climatisation-reversible-monosplit/,0,6,0%,59.67
https://pluscestsimple.com/compatibilimetre/categorie/exterieur/page/2/,0,6,0%,65.17
https://pluscestsimple.com/compatibilimetre/regle/beton-cire-mural-en-sdb/,0,5,0%,3.8
https://pluscestsimple.com/terrasse-en-bois-sur-parpaing-guide-complet-pour-une-installation-reussie/#Construire_lossature_bois_lambourdes_solives_et_entraxes,0,5,0%,9.2
https://pluscestsimple.com/terrasse-en-bois-sur-parpaing-guide-complet-pour-une-installation-reussie/#Poser_le_platelage_vissage_clips_invisibles_et_joints_de_dilatation,0,5,0%,9.2
https://pluscestsimple.com/terrasse-en-bois-sur-parpaing-guide-complet-pour-une-installation-reussie/#Preparation_du_projet_et_materiaux_parpaings_bois_et_visserie_certifies_NF,0,5,0%,9.2
https://pluscestsimple.com/terrasse-en-bois-sur-parpaing-guide-complet-pour-une-installation-reussie/#Preparer_le_terrain_et_poser_les_parpaings_methode_pas_a_pas,0,5,0%,9.2
https://pluscestsimple.com/category/piscine/,0,5,0%,9.6
https://pluscestsimple.com/?query-8008ec18-page=3,0,5,0%,10.4
https://pluscestsimple.com/compatibilimetre/regle/seche-serviette-branche-sur-prise-standard/,0,5,0%,28
https://pluscestsimple.com/wp-content/uploads/2025/12/Plinthe-invisible-placo-guide-complet-pour-une-finition-parfaite-1.png,0,5,0%,34
https://pluscestsimple.com/compatibilimetre/categorie/cuisine/,0,5,0%,44.6
https://pluscestsimple.com/compatibilimetre/categorie/exterieur/,0,5,0%,45.6
https://pluscestsimple.com/compatibilimetre/categorie/plomberie/,0,5,0%,46.6
https://pluscestsimple.com/category/travaux/page/2/,0,5,0%,47.2
https://pluscestsimple.com/compatibilimetre/categorie/sdb/,0,5,0%,47.6
https://pluscestsimple.com/compatibilimetre/categorie/sols/,0,5,0%,48.6
https://pluscestsimple.com/compatibilimetre/categorie/murs/,0,5,0%,49.6
https://pluscestsimple.com/category/travaux/page/3/,0,5,0%,68.8
https://pluscestsimple.com/category/travaux/page/5/,0,5,0%,70.2
https://pluscestsimple.com/compatibilimetre/categorie/sols/page/2/,0,5,0%,78.4
https://pluscestsimple.com/compatibilimetre/categorie/murs/page/2/,0,5,0%,79.4
https://pluscestsimple.com/compatibilimetre/regle/cumulus-dans-une-cuisine/,0,5,0%,83
https://pluscestsimple.com/enduit-qui-ne-seche-pas-causes-frequentes-et-solution-pour-le-rattraper/#Techniques_et_solutions_pour_rattraper_un_enduit_qui_ne_seche_pas,0,4,0%,3.25
https://pluscestsimple.com/chaise-baumann-comment-reconnaitre-un-modele-authentique-et-eviter-une-copie/#Entretien_et_restauration_dune_chaise_Baumann_sans_nuire_a_sa_valeur,0,4,0%,8.5
https://pluscestsimple.com/chaise-baumann-comment-reconnaitre-un-modele-authentique-et-eviter-une-copie/#Materiaux_et_cintrage_vapeur%E2%80%89_criteres_dauthenticite_dune_chaise_Baumann,0,4,0%,8.5
https://pluscestsimple.com/deco/,0,4,0%,8.75
https://pluscestsimple.com/compatibilimetre/regle/couper-une-solive-pour-passer-une-gaine/,0,4,0%,9.25
https://pluscestsimple.com/dosage-mortier-parpaings/#Quel_dosage_de_mortier_pour_parpaings_garantit_des_joints_solides_et_durables,0,4,0%,10
https://pluscestsimple.com/dosage-mortier-parpaings/#Quels_dosages_selon_lusage%E2%80%89_Tableau_recapitulatif_et_erreurs_a_eviter,0,4,0%,10
https://pluscestsimple.com/wp-content/uploads/2026/02/Pose-du-parquet-flottant-quel-sens-choisir-pour-agrandir-visuellement-la-piece.jpg,0,4,0%,11.75
https://pluscestsimple.com/compatibilimetre/regle/seche-serviette-branche-sur-prise-classique/,0,4,0%,25.25
https://pluscestsimple.com/?query-8008ec18-page=2&cst&query-c792fb15-page=2,0,4,0%,46.5
https://pluscestsimple.com/compatibilimetre/categorie/chauffage/,0,4,0%,53.5
https://pluscestsimple.com/blog/?query-0-page=12,0,4,0%,65.75
https://pluscestsimple.com/compatibilimetre/regle/bac-a-compost-sous-evier-ventilation/,0,3,0%,6.33
https://pluscestsimple.com/compatibilimetre/regle/mitigeur-sur-arrivee-deau-brute-sans-filtre/,0,3,0%,6.33
https://pluscestsimple.com/compatibilimetre/regle/raccord-rapide-pex-sans-sertissage/,0,3,0%,6.33
https://pluscestsimple.com/ferme-sur-blochet-charpente/#Comment_la_ferme_sur_blochet_libere-t-elle_lespace_sous_toiture,0,3,0%,7
https://pluscestsimple.com/ferme-sur-blochet-charpente/#Comprendre_la_ferme_sur_blochet_structure_et_usage_en_2026,0,3,0%,7
https://pluscestsimple.com/ferme-sur-blochet-charpente/#Quels_materiaux_et_assemblages_pour_une_ferme_sur_blochet_performante,0,3,0%,7
https://pluscestsimple.com/?query-8008ec18-page=2,0,3,0%,8.67
https://pluscestsimple.com/mur-machefer-renovation/#Comment_reconnaitre_un_mur_en_machefer_et_diagnostiquer_lhumidite%E2%80%89,0,3,0%,8.67
https://pluscestsimple.com/mur-machefer-renovation/#Quelle_isolation_perspirante_choisir_pour_un_mur_en_machefer%E2%80%89,0,3,0%,8.67
https://pluscestsimple.com/balatome-revetement-sol/#Balatome_quest-ce_que_cest_et_comment_lidentifier_sous_un_lino_ancien,0,3,0%,9.33
https://pluscestsimple.com/balatome-revetement-sol/#Quel_budget_et_quel_rapport_qualite-prix_du_balatome_en_2026%E2%80%89,0,3,0%,9.33
https://pluscestsimple.com/dosage-mortier-parpaings/#Comment_choisir_sable_ciment_et_eau_pour_une_tenue_dans_le_temps_exemplaire%E2%80%89,0,3,0%,10.33
https://pluscestsimple.com/dosage-mortier-parpaings/#Mortier_simple_ou_mortier_batard%E2%80%89_quand_changer_de_recette_sur_des_parpaings%E2%80%89,0,3,0%,10.33
https://pluscestsimple.com/dosage-mortier-parpaings/#Quelles_etapes_suivre_pour_preparer_et_appliquer_un_mortier_regulier_sans_defauts%E2%80%89,0,3,0%,10.33
https://pluscestsimple.com/maison/,0,3,0%,10.33
https://pluscestsimple.com/wp-content/uploads/2025/11/interieur-simple-fenetre-centree-811x1024.webp,0,3,0%,14
https://pluscestsimple.com/wp-content/uploads/2025/12/Outil-indispensable-menuisier-les-essentiels-pour-travailler-efficacement-pour-professionnels.png,0,3,0%,19.33
https://pluscestsimple.com/compatibilimetre/regle/insert-bois-dans-cheminee-existante/,0,3,0%,39.67
https://pluscestsimple.com/enduit-qui-ne-seche-pas-causes-frequentes-et-solution-pour-le-rattraper/#Checklist_chantier_pour_rattraper_un_enduit_qui_ne_seche_pas,0,2,0%,2.5
https://pluscestsimple.com/enduit-qui-ne-seche-pas-causes-frequentes-et-solution-pour-le-rattraper/#Erreurs_frequentes_dapplication_et_mythes_a_oublier,0,2,0%,2.5
https://pluscestsimple.com/category/travaux/page/4/,0,2,0%,4
https://pluscestsimple.com/enduit-qui-ne-seche-pas-causes-frequentes-et-solution-pour-le-rattraper/#Points_cles_a_retenir,0,2,0%,4
https://pluscestsimple.com/enduit-qui-ne-seche-pas-causes-frequentes-et-solution-pour-le-rattraper/#Temps_de_sechage_moyens_selon_le_type_denduit,0,2,0%,4
https://pluscestsimple.com/compatibilimetre/regle/carrelage-xxl-60x60-cm-et-plus-en-renovation-sur-ancienne-chape/,0,2,0%,5.5
https://pluscestsimple.com/ferme-sur-blochet-charpente/#Ferme_sur_blochet_ou_autre_charpente_quel_choix_pour_des_combles_amenageables,0,2,0%,6.5
https://pluscestsimple.com/ferme-sur-blochet-charpente/#Mise_en_oeuvre_etapes_cles_controles_et_erreurs_a_eviter,0,2,0%,6.5
https://pluscestsimple.com/author/francois/page/5/,0,2,0%,7
https://pluscestsimple.com/compatibilimetre/regle/plan-de-travail-beton-cire/,0,2,0%,7
https://pluscestsimple.com/compatibilimetre/regle/ventilation-cheminee-fermee-foyer-insert/,0,2,0%,7.5
https://pluscestsimple.com/category/divers/page/5/,0,2,0%,8.5
https://pluscestsimple.com/wp-content/uploads/2026/04/Le-bon-dosage-du-mortier-pour-parpaings-afin-dobtenir-des-joints-solides-et-durables.jpg,0,2,0%,8.5
https://pluscestsimple.com/balatome-revetement-sol/#Balatome_linoleum_ou_PVC_quelles_differences_techniques_a_connaitre,0,2,0%,9
https://pluscestsimple.com/balatome-revetement-sol/#Comment_poser_ou_deposer_un_balatome_sans_mauvaise_surprise,0,2,0%,9
https://pluscestsimple.com/balatome-revetement-sol/#Ou_conserver_ou_deposer_le_balatome_quelles_pieces_supportent_vraiment_ce_revetement,0,2,0%,9
https://pluscestsimple.com/compatibilimetre/regle/thermostat-connecte-sur-pac-ancienne/,0,2,0%,9
https://pluscestsimple.com/blog/page/9/,0,2,0%,9.5
https://pluscestsimple.com/lino-enfonce-peut-on-reparer-sans-remplacer-tout-le-sol/#Lino_enfonce_a_cause_du_support_ragreage_local_et_reprise_de_planeite,0,2,0%,10
https://pluscestsimple.com/lino-enfonce-peut-on-reparer-sans-remplacer-tout-le-sol/#Lino_enfonce_diagnostic_rapide_et_causes_avant_toute_reparation,0,2,0%,10
https://pluscestsimple.com/lino-enfonce-peut-on-reparer-sans-remplacer-tout-le-sol/#Prevenir_les_enfoncements_sur_un_sol_PVC_protections_charges_et_entretien,0,2,0%,10
https://pluscestsimple.com/lino-enfonce-peut-on-reparer-sans-remplacer-tout-le-sol/#Quel_type_de_revetement_avez-vous_Adapter_la_methode_au_lino_ou_au_vinyle,0,2,0%,10
https://pluscestsimple.com/lino-enfonce-peut-on-reparer-sans-remplacer-tout-le-sol/#Reparer_un_lino_enfonce_sans_remplacer_tout_le_sol_techniques_validees,0,2,0%,10
https://pluscestsimple.com/wp-content/uploads/2026/03/Massif-avec-pouzzolane-bonne-idee-pour-drainer-mais-a-quelles-conditions.jpg,0,2,0%,10
https://pluscestsimple.com/?query-c792fb15-page=2&cst,0,2,0%,10.5
https://pluscestsimple.com/compatibilimetre/regle/prise-commandee-par-interrupteur-lampadaire/,0,2,0%,14
https://pluscestsimple.com/travaux/?query-10-page=2,0,2,0%,14.5
https://pluscestsimple.com/wp-content/uploads/2026/01/Delimiter-sol-cuisine-salon-solutions-propres-sans-casser-lharmonie.jpg,0,2,0%,15
https://pluscestsimple.com/annuaire/,0,2,0%,18
https://pluscestsimple.com/wp-content/uploads/2026/02/Portail-coulissant-faut-il-un-seuil-et-lequel-pour-eviter-frottements-et-eau-1.jpg,0,2,0%,23
https://pluscestsimple.com/wp-content/uploads/2026/02/Pose-du-parquet-flottant-quel-sens-choisir-pour-agrandir-visuellement-la-piece-1.jpg,0,2,0%,27
https://pluscestsimple.com/blog/?query-0-page=14,0,2,0%,28.5
https://pluscestsimple.com/blog/?query-0-page=15,0,2,0%,31
https://pluscestsimple.com/blog/page/8/,0,2,0%,34
https://pluscestsimple.com/compatibilimetre/categorie/electricite/,0,2,0%,51
https://pluscestsimple.com/compatibilimetre/regle/installation-de-chaudiere-fioul-en-neuf/,0,2,0%,54
https://pluscestsimple.com/demande-de-credit-immobilier-en-ligne-les-etapes-cles-pour-reussir/,0,1,0%,3
https://pluscestsimple.com/wp-content/uploads/2026/02/Portail-coulissant-faut-il-un-seuil-et-lequel-pour-eviter-frottements-et-eau.jpg,0,1,0%,3
https://pluscestsimple.com/?query-8008ec18-page=4,0,1,0%,4
https://pluscestsimple.com/deco/page/2/,0,1,0%,5
https://pluscestsimple.com/travaux/?query-10-page=3,0,1,0%,5
https://pluscestsimple.com/wp-content/uploads/2025/11/fenetre-classique-epuree.webp,0,1,0%,5
https://pluscestsimple.com/avis-mister-menuiserie-notre-analyse-complete-et-honnete-2025/#Qualite_produits_donnees_avis,0,1,0%,7
https://pluscestsimple.com/colle-amiante-sous-moquette/#Comment_reconnaitre_une_colle_amiante_sous_moquette_sans_se_fier_uniquement_a_la_couleur,0,1,0%,7
https://pluscestsimple.com/colle-amiante-sous-moquette/#Que_faire_immediatement_quand_tu_decouvres_une_colle_suspecte_sous_moquette,0,1,0%,7
https://pluscestsimple.com/mur-machefer-renovation/#Comment_fixer_fenetres_et_equipements_sur_du_machefer_sans_le_fragiliser%E2%80%89,0,1,0%,8
https://pluscestsimple.com/mur-machefer-renovation/#Machefer_et_sante%E2%80%89_y_a-t-il_un_risque_et_quelles_precautions_utiles%E2%80%89,0,1,0%,8
https://pluscestsimple.com/mur-machefer-renovation/#Quels_enduits_et_mortiers_employer_pour_renover_sans_ciment%E2%80%89,0,1,0%,8
https://pluscestsimple.com/mur-machefer-renovation/#Quest-ce_quun_mur_en_machefer_et_pourquoi_le_ciment_labime-t-il%E2%80%89,0,1,0%,8
https://pluscestsimple.com/blog/page/2/,0,1,0%,9
https://pluscestsimple.com/wp-content/uploads/2026/01/Rayure-sur-parquet-la-faire-disparaitre-ou-au-moins-la-camoufler-proprement-1.jpg,0,1,0%,9
https://pluscestsimple.com/wp-content/uploads/2026/02/Coffrage-beton-pour-dalle-comment-le-faire-droit-et-solide-sans-prise-de-tete.jpg,0,1,0%,9
https://pluscestsimple.com/compatibilimetre/regle/credence-en-panneau-de-verre-brut-non-trempe/,0,1,0%,10
https://pluscestsimple.com/compatibilimetre/regle/tapisserie-textile-papier-intisse-en-couloir-etroit/,0,1,0%,10
https://pluscestsimple.com/compatibilimetre/regle/seche-serviette-pose-sur-muret-de-douche/,0,1,0%,11
https://pluscestsimple.com/travaux/page/3/,0,1,0%,11
https://pluscestsimple.com/divers/,0,1,0%,13
https://pluscestsimple.com/couleur-taupe-salon/,0,1,0%,15
https://pluscestsimple.com/wp-content/uploads/2025/11/interieur-moderne-classique-1024x605.webp,0,1,0%,17
https://pluscestsimple.com/wp-content/uploads/2026/01/Rayure-sur-parquet-la-faire-disparaitre-ou-au-moins-la-camoufler-proprement.jpg,0,1,0%,17
https://pluscestsimple.com/outils/,0,1,0%,19
https://pluscestsimple.com/wp-content/uploads/2026/01/Chaise-Baumann-comment-reconnaitre-un-modele-authentique-et-eviter-une-copie.jpg,0,1,0%,19
https://pluscestsimple.com/wp-content/uploads/2026/04/Les-pieces-de-charpente-expliquees-simplement-pour-comprendre-comment-une-toiture-tient-debout.jpg,0,1,0%,20
https://pluscestsimple.com/dpe-d-recuperer-22k/,0,1,0%,24
https://pluscestsimple.com/wp-content/uploads/2026/04/Reconnaitre-un-mur-porteur-dans-une-maison-des-annees-1970-sans-prendre-de-risque-avant-travaux.jpg,0,1,0%,25
https://pluscestsimple.com/le-carnet/,0,1,0%,36
https://pluscestsimple.com/annuaire/ville/lognes/,0,1,0%,37
https://pluscestsimple.com/tag/pcs-une/,0,1,0%,38
https://pluscestsimple.com/travailler-avec-nous/,0,1,0%,39
https://pluscestsimple.com/jardin-cat/jardin-entretien-cat/,0,1,0%,40
https://pluscestsimple.com/lifestyle-cat/lifestyle-rangement-nettoyage-cat/,0,1,0%,43
https://pluscestsimple.com/wp-content/uploads/2025/12/Plinthe-invisible-placo-guide-complet-pour-une-finition-parfaite.png,0,1,0%,43
https://pluscestsimple.com/wp-content/uploads/2025/11/portes-moodboard.webp,0,1,0%,73
https://pluscestsimple.com/blog/?query-0-page=12&cst,0,1,0%,97