Requêtes les plus fréquentes,Clics,Impressions,CTR,Position
muralière,114,3681,3.1%,2.36
muraliere,65,1551,4.19%,3
muralière bois,64,1652,3.87%,1.33
colle amiante,21,403,5.21%,4.02
reconnaître un mur porteur maison 1970,21,282,7.45%,3.37
comment occulter un velux sans store,21,198,10.61%,3.94
plinthe invisible placo,19,408,4.66%,4.95
comment couper des baguettes d'angle en bois,18,647,2.78%,5.94
plinthe invisible,17,1495,1.14%,8.59
petit insecte noir rond maison,16,319,5.02%,3.02
plinthe invisible et affleurante,13,526,2.47%,8.36
plinthes invisibles,10,274,3.65%,7.72
comment couper une baguette d'angle en bois,9,197,4.57%,5.52
reconnaître colle amiante moquette,8,53,15.09%,8.3
comment couper des angles de baguette,7,325,2.15%,7.55
réparer lino enfoncé,7,320,2.19%,9.75
reconnaître colle carrelage amiante,7,88,7.95%,6.41
petit insecte noir maison,7,75,9.33%,2.43
poutre muralière,6,272,2.21%,1.96
plinthe invisible affleurante,6,115,5.22%,8.34
reconnaitre colle amiante,6,40,15%,5.83
entretoise bois,5,1180,0.42%,1.87
insecte noir rond,5,90,5.56%,1.28
plinthe affleurante,4,347,1.15%,11.76
colle carrelage amiante,4,138,2.9%,8.43
insecte rond noir,4,134,2.99%,1.51
muralière ossature bois,4,102,3.92%,1.48
muralière métallique,4,97,4.12%,5.12
fixation muraliere,4,92,4.35%,5.02
colle carrelage amiante couleur,4,72,5.56%,7.58
petit insecte rond noir,4,19,21.05%,1
my extrabat,3,4351,0.07%,6.49
hauteur penderie,3,307,0.98%,8.34
fixation muralière,3,174,1.72%,5.52
couper baguette bois angle 45,3,150,2%,7.72
cuivre brûlé prix,3,143,2.1%,9.51
colle noire amiante,3,111,2.7%,6.75
couper baguette angle bois,3,101,2.97%,5.67
meuleuse ou ponceuse,3,82,3.66%,6.89
comment faire une coupe d'angle sur une cornière,3,72,4.17%,10.83
muraliere plancher,3,60,5%,4.98
occulter velux,3,54,5.56%,12.35
decoupe baguette angle bois,3,51,5.88%,4.88
mini insecte noir maison,3,44,6.82%,1.25
fixer une muraliere,3,41,7.32%,4.34
petit insecte rond noir maison,3,37,8.11%,3.16
placo sans plinthe,3,33,9.09%,7.58
colle amiantée couleur,3,32,9.38%,9.62
tolérance seuil portail coulissant,3,25,12%,5.96
nettoyer travertin noirci extérieur,3,11,27.27%,24.09
cuisine häcker avis,2,252,0.79%,21.5
couper baguette angle 45,2,249,0.8%,7.63
lit petit insecte noir rond maison,2,150,1.33%,4.31
reconnaître colle amiante,2,134,1.49%,7.46
comment couper baguette angle,2,122,1.64%,7.16
comment couper une baguette d'angle à 45,2,122,1.64%,7.89
comment couper des baguettes d'angle,2,101,1.98%,8.23
entretoises charpente,2,100,2%,1.59
couper des baguettes d'angle en bois,2,100,2%,5.73
plinthe encastree placo,2,94,2.13%,7.46
muraliere bois,2,73,2.74%,1.81
panne muralière,2,70,2.86%,2.8
poutre muraliere,2,60,3.33%,1
colle bitumineuse amiante,2,54,3.7%,8.24
profilé plinthe invisible,2,54,3.7%,9.89
poids d'un parpaing de 20,2,50,4%,10.78
ponceuse ou meuleuse,2,38,5.26%,7.79
comment couper une baguette d angle a 45,2,32,6.25%,8.44
melange mortier parpaing,2,30,6.67%,1
reconnaitre un mur porteur maison 1970,2,25,8%,6.2
teinture moquette chambre,2,24,8.33%,7.92
colle jaune amiante,2,24,8.33%,8.38
petit insecte noir maison rond,2,22,9.09%,1.82
faut il mettre geotextile sous pouzzolane,2,22,9.09%,8.05
fixation muralière dans brique,2,18,11.11%,7.78
teindre une moquette,2,18,11.11%,10.83
chenille dans la maison signification,2,17,11.76%,4.59
comment faire fondre du cuivre,2,15,13.33%,1.73
fixation poutre sur mur,2,15,13.33%,2.6
reconnaitre amiante colle carrelage,2,14,14.29%,9.71
insecte noir rond maison,2,13,15.38%,1.38
muralière charpente bois,2,13,15.38%,3.08
store pour fenetre de toit,2,5,40%,5.8
meuleuse ponceuse,1,1134,0.09%,25.24
balatome,1,1053,0.09%,8.64
entretoise charpente,1,742,0.13%,1.37
ral 2900,1,644,0.16%,9.4
mortier parpaing,1,529,0.19%,5.86
mortier pour parpaing,1,367,0.27%,7.14
ferme sur blochet,1,340,0.29%,8.03
pousse-pousse.com officiel,1,262,0.38%,4.47
comment reconnaître une vraie chaise baumann,1,258,0.39%,10.56
shockgarden.com,1,253,0.4%,22.36
entretoise plancher bois,1,214,0.47%,2.35
cuivre brulé,1,170,0.59%,6.4
couper baguette angle,1,162,0.62%,7.57
plinthe affleurante prix,1,143,0.7%,10.2
crepir un mur de parpaing,1,142,0.7%,5.05
gris sablé 2900,1,126,0.79%,10.74
prix cuivre brulé,1,122,0.82%,9.12
entretoise charpente bois,1,118,0.85%,1.7
astuce pour couper des angles de baguette,1,116,0.86%,6.63
une muralière,1,113,0.88%,1.64
muralière définition,1,112,0.89%,7.71
coupe baguette 3 angles,1,107,0.93%,5.51
muralier,1,104,0.96%,5.67
my extrabat mon compte,1,101,0.99%,9.17
plinthe invisible led,1,84,1.19%,9.52
découpe baguette angle,1,75,1.33%,5.84
décapant métal sans gratter,1,73,1.37%,12.62
colle moquette amiante,1,71,1.41%,12.52
bruler du cuivre,1,67,1.49%,5.82
comment occulter un velux,1,64,1.56%,7.53
store pour velux,1,62,1.61%,3.9
teindre moquette,1,59,1.69%,14.17
cuivre bruler prix,1,57,1.75%,8.23
avis toutici,1,53,1.89%,1.94
plinthe affleurante placo,1,50,2%,6.38
empreinte blaireau,1,49,2.04%,3.31
fermacell vs placo,1,46,2.17%,11.39
comment couper une baguette d'angle avec boîte à onglet,1,45,2.22%,9.2
chenille maison humide,1,43,2.33%,10.23
mister menuiserie pergola,1,43,2.33%,18.58
rayure parquet stratifié,1,42,2.38%,47.52
pose muralière,1,40,2.5%,4.47
plantes vivaces plein soleil sans entretien,1,40,2.5%,13.65
fixer lambourde sur parpaing,1,38,2.63%,4.97
fixation muralière dans béton,1,38,2.63%,7.05
entretoises solives,1,36,2.78%,8.28
carotter un mur,1,35,2.86%,7.89
couper baguette d angle a 45,1,34,2.94%,7.53
couper baguette d'angle a 45 °,1,34,2.94%,8.38
sabliere charpente traditionnelle,1,33,3.03%,7.3
coupe onglet baguette angle,1,33,3.03%,7.42
crepir mur parpaing,1,32,3.12%,9.81
prix du cuivre brûlé,1,32,3.12%,10.09
hauteur barre penderie,1,30,3.33%,10.37
colle amiante couleur,1,27,3.7%,8.3
évier inox satiné ou brossé,1,26,3.85%,9.23
dosage mortier parpaing,1,23,4.35%,8.83
tableau dosage mortier parpaing,1,22,4.55%,7.32
amiante colle carrelage,1,22,4.55%,14.14
couper une baguette d'angle en bois,1,21,4.76%,5.14
menuiserie gris 2900 sablé,1,21,4.76%,7.14
comment couper corniere angle,1,21,4.76%,8.62
comment démonter un canapé 3 places,1,21,4.76%,15.57
pousse-pousse.com,1,20,5%,5.8
comment reconnaitre colle carrelage amiante,1,20,5%,7.25
terrasse sur parpaing creux,1,20,5%,8.35
institut du bricolage com avis,1,20,5%,10.5
amiante colle,1,20,5%,15.2
fixation poutre muralière,1,19,5.26%,6.05
nettoyer meuble en bois ancien,1,19,5.26%,19.89
comment carotter un mur,1,18,5.56%,7.78
fixation muralière tige filetée,1,17,5.88%,5.71
comment alcaliniser l'eau,1,17,5.88%,8.82
teinture moquette leroy merlin,1,17,5.88%,9.47
lambourde sur parpaing,1,16,6.25%,2.88
dimensionnement muralière,1,16,6.25%,5.56
colle jaune moquette amiante,1,16,6.25%,6.75
fixation muralière sur mur en pierre,1,16,6.25%,17.25
peinture bois effet vieilli,1,15,6.67%,1
espacement tige filetée muralière,1,15,6.67%,5.47
entretoise solive plancher bois,1,14,7.14%,7.79
ral 2900 sablé correspondance,1,13,7.69%,17.54
fixation solive sur muralière,1,12,8.33%,1.17
store velux leroy merlin,1,12,8.33%,2.17
carotter un mur sans carotteuse,1,12,8.33%,7.83
comment fixer entretoise solive,1,12,8.33%,8.25
store velux sans perçage,1,11,9.09%,4.91
fixer un lavabo au mur de placo,1,11,9.09%,9.91
muraillères charpente,1,10,10%,2.4
plaque induction sur meuble,1,10,10%,7.3
comment reconnaître colle amiante,1,10,10%,7.6
peut on mettre un lave-vaisselle sous une plaque de cuisson gaz,1,10,10%,10.6
fixer une poutre dans un mur en brique,1,9,11.11%,2.11
site toutici avis,1,9,11.11%,4.11
astuce pour occulter un velux,1,9,11.11%,6
comment couper baguette d'angle,1,9,11.11%,6.22
tige filetée muralière,1,9,11.11%,9.11
comment savoir si une cheminée est porteuse,1,9,11.11%,10.33
gris sable,1,8,12.5%,10.12
plantes pour cour sans soleil,1,8,12.5%,11
mur sans plinthe,1,8,12.5%,18.38
fondation terrasse parpaing,1,8,12.5%,20.75
store velux occultant,1,7,14.29%,6
toiture sabliere,1,7,14.29%,15.86
muraillière,1,6,16.67%,3.17
muraliere 75x225,1,6,16.67%,3.17
stores pour velux de toit,1,6,16.67%,3.83
store occultant velux,1,6,16.67%,6.5
comment faire des angles avec des baguettes,1,6,16.67%,9.17
hacker cuisine avis,1,6,16.67%,9.83
portail coulissant sans seuil,1,6,16.67%,11.33
store velux 114x118 brico dépôt,1,5,20%,3.4
petite bête noire ronde dans la maison,1,5,20%,5.6
comment poser des coupe baguette 3 angles,1,5,20%,5.8
dimensionnement muralière plancher,1,5,20%,6.8
crepi sur parpaing,1,5,20%,9
diametre tige filetée pour muraliere,1,5,20%,12.4
corbeau métallique muralière,1,5,20%,13.8
quelle cheville pour parpaing creux,1,5,20%,24.2
comment fondre du cuivre,1,4,25%,1.25
laiton vieilli brossé,1,4,25%,2
mélange pour mortier parpaing,1,4,25%,2.25
fabriquer un store pour fenêtre de toit,1,4,25%,4
évacuation machine à laver sans siphon,1,4,25%,6.25
avis hotte airforce,1,4,25%,9.25
mur mâchefer humidité,1,4,25%,16.25
dosage mortier pour parpaing,1,4,25%,27.5
cuisine hacker,1,4,25%,28
rideau pour velux leroy merlin,1,3,33.33%,2
cache velux,1,3,33.33%,3.33
alternative store velux,1,3,33.33%,5
rideaux velux,1,3,33.33%,5.67
diy store velux,1,3,33.33%,6.33
décaper fer forgé,1,3,33.33%,10
petit insecte noir maison cuisine,1,3,33.33%,21.67
porte coulissante anti effraction,1,3,33.33%,26
comment faire fondre du cuivre facilement,1,2,50%,2
rideau velux occultant,1,2,50%,4.5
store fenetre de toit,1,2,50%,5
rideau occultant velux,1,2,50%,5.5
tige filetée pour muraliere,1,2,50%,8
matter fil pilote,1,2,50%,14
domino dans tableau électrique,1,2,50%,14.5
plante d'intérieur exposition nord,1,2,50%,15
ral 2900 vs 7016,1,2,50%,17
patine bois effet vieilli,1,2,50%,33.5
amianto?,1,1,100%,1
comment verrouiller une porte coulissante,1,1,100%,1
en photo ?,1,1,100%,1
peut tu me montrer une image,1,1,100%,1
pourquoi ma debroussailleuse cale,1,1,100%,1
rideau pour fenêtre de toit,1,1,100%,2
changer store velux,1,1,100%,3
comment mettre un rideau sur un velux,1,1,100%,3
rideau velux fait maison,1,1,100%,3
store velux mk04 brico dépôt,1,1,100%,4
mur placo sans plinthe,1,1,100%,10
peut on mettre un tiroir sous une plaque a induction,1,1,100%,11
amiante dans colle moquette,1,1,100%,19
faut il poncer la peinture avant de vernir carrosserie,1,1,100%,20
aligner vis terrasse bois,1,1,100%,55
ecoledestravaux.fr,0,12829,0%,3.86
institutdubricolage.com,0,8670,0%,37.62
meusetravaux tarif,0,8465,0%,1.92
meusetravaux.be,0,7235,0%,16.81
devis rénovation meusetravaux,0,6726,0%,4.56
meusetravaux isolation,0,6452,0%,5.57
institutdubricolage inscription,0,4886,0%,7.86
formation plomberie ecoledestravaux,0,3295,0%,4.33
academiedubricolage tarifs,0,3058,0%,4.99
meusetravaux.be menuiserie,0,2558,0%,6.03
rejoindre proxichantier,0,1579,0%,4.93
institutdubricolage formation menuiserie,0,1080,0%,9.04
extrabat connexion,0,1013,0%,8.89
habitat-design.net,0,715,0%,8.8
stage bricolage institutdubricolage,0,646,0%,10.12
cours plomberie ecoledestravaux,0,377,0%,4.05
cadreuses pour bois,0,366,0%,29.23
decapage metal,0,354,0%,32.7
ecoledestravaux.fr carrelage,0,349,0%,9.83
proxichantier devis gratuit,0,345,0%,3.18
didier mathus immobilier,0,332,0%,10.46
my extrabat agenda,0,326,0%,9.14
coupe baguette angle,0,322,0%,7.34
ral 2900 sablé,0,268,0%,10.47
my extrabat connexion,0,251,0%,6.77
extrabat my,0,245,0%,7.02
entretoise plancher,0,239,0%,1.42
muralières,0,229,0%,7.6
nettoyer des poutres au saint marc,0,205,0%,14.72
muralière charpente,0,176,0%,3.74
plinthe placo,0,172,0%,7.4
a quelle temperature laver les tapis de bain,0,170,0%,13.85
entretoises bois,0,167,0%,1.97
vernis parquet,0,160,0%,62.34
poids d'un parpaing,0,158,0%,6.49
academiedubricolage devis,0,156,0%,9.37
cadreuse bois,0,149,0%,42.63
gris 2900 sablé,0,145,0%,9.12
charpentes lamellées collées,0,143,0%,30.89
ecoledestravaux.fr couverture,0,140,0%,7.85
gris 2900,0,137,0%,9.07
poids parpaing,0,136,0%,22.38
bande anti fissure beton cellulaire,0,135,0%,4.73
cuivre brûlé,0,135,0%,5.87
entretoise toiture,0,129,0%,1.8
traitement charpente,0,126,0%,48.05
traitement charpente bois,0,125,0%,48.72
fenêtre minimaliste,0,124,0%,29.94
charpente en lamellé collé,0,119,0%,31.8
nettoyer poutres poussière,0,117,0%,16
coffrage droit,0,115,0%,14.97
enduit beton cellulaire,0,113,0%,8.03
formation electricite ecoledestravaux,0,111,0%,10.02
extrabat espace client,0,110,0%,10.24
ral 2900 gris sablé,0,109,0%,8.31
poids palette parpaing,0,109,0%,24.84
poid d un parpaing,0,108,0%,20.28
solution renfort placo productivité chantier,0,102,0%,4.88
pouzzolane drainage,0,102,0%,8.99
porte d'entrée mister menuisier,0,102,0%,17.74
"parquet, installation parquet, francois materiaux",0,102,0%,50.86
cadreuse menuiserie,0,101,0%,21.38
institutdubricolage.com avis,0,100,0%,4.41
poid dun parpaing,0,100,0%,6.66
entretoise solivage,0,98,0%,2.7
traiter charpente avant isolation,0,98,0%,36.05
nettoyer poutre en bois,0,96,0%,25.26
insecte rond,0,95,0%,1.98
nettoyer des poutres en bois,0,92,0%,21.23
poid parpaing,0,89,0%,20.51
hauteur pole garde robe,0,88,0%,5.85
pose terrasse bois sur parpaing,0,84,0%,22.62
traitement de bois de charpente,0,83,0%,52.71
traitement du bois de charpente,0,81,0%,58.54
étrésillon charpente,0,80,0%,1.16
fourtoutici,0,80,0%,10.03
enlever peinture sur métal,0,80,0%,16.9
charpente lamellé collé,0,80,0%,36.92
panne sablière,0,79,0%,9.56
enduit siporex,0,78,0%,8.81
my extrabat.com,0,77,0%,6.96
liste outils mon-club-elec.fr,0,77,0%,8.86
entretoise plancher hourdis,0,76,0%,7.45
couper une baguette en angle,0,75,0%,6.69
couper des baguettes d'angle,0,75,0%,6.83
plinthe affleurante pose,0,75,0%,7.67
vernis ou vitrificateur,0,74,0%,18.55
traitement de charpente,0,74,0%,42.18
cadreuse,0,73,0%,45.79
entretoise solive,0,71,0%,4.87
ponceuse meuleuse,0,71,0%,20.18
entretoise bois charpente,0,70,0%,1.81
charpentes en lamellé collé,0,70,0%,30.57
charpentes en lamellé-collé,0,69,0%,30.68
cuivre bruler,0,68,0%,6.71
charpentes lamellé collé,0,67,0%,34.76
comment couper des baguettes d angle en bois,0,66,0%,5.82
https://www.didiermathus.com/investissement-immobilier-2/,0,66,0%,8
bruler cable cuivre,0,66,0%,8.59
charpente lamellée collée,0,66,0%,42.53
reparer lino enfoncé,0,65,0%,9.49
vitrifier ou vernir un parquet,0,65,0%,29.48
massif avec pouzzolane,0,64,0%,5.59
système renfort placo installation rapide,0,64,0%,6.7
plinthe affleurante carrelage,0,64,0%,8.83
matériau portes intérieures,0,64,0%,39.28
massif pouzzolane,0,63,0%,1.06
decoupe corniere angle,0,63,0%,7.98
decapeur thermique sur metal,0,63,0%,10.67
entretoise définition,0,63,0%,26.73
muralieres,0,62,0%,8.65
fixer muralière,0,61,0%,5.49
comment couper une baguette d'angle,0,60,0%,6.88
cloison courbe,0,60,0%,24.58
décaper peinture sur métal,0,60,0%,25.92
difference entre meuleuse et ponceuse,0,59,0%,5.31
hauteur standard pole garde robe,0,59,0%,7.58
occulter un velux,0,59,0%,9.61
blochet charpente,0,59,0%,10.15
traitement des bois,0,59,0%,52.1
plantes plein soleil sans arrosage,0,58,0%,19.14
charpente americaine,0,57,0%,15.37
charpente en bois lamellé collé,0,57,0%,38.16
hauteur penderie dressing,0,56,0%,27.96
poids parpaing 20,0,56,0%,30.2
entretoise en bois,0,54,0%,2.63
site:pluscestsimple.com,0,54,0%,7.11
décaper peinture sur métal naturellement,0,54,0%,14.63
charpente traditionnelle lamellé collé,0,54,0%,28.26
nettoyage poutre bois,0,54,0%,29.52
peut on laisser un mur en parpaing sans enduit,0,53,0%,13.21
plante au nord sans soleil,0,52,0%,10.17
coupe corniere angle,0,51,0%,8.76
hauteur tringle penderie,0,51,0%,11
cadreuse pour fenêtres,0,51,0%,14.63
quelle surface pour un carport sans permis de construire,0,51,0%,25.12
crépir un mur parpaing,0,50,0%,5.38
hauteur penderie manteau,0,50,0%,10.2
comment démonter un canapé convertible,0,50,0%,10.56
mister menuiserie avis,0,48,0%,10.9
hauteur penderie pantalon,0,48,0%,11.35
renforcement cloison pyl tous profils marché,0,48,0%,13.1
fenêtres design,0,47,0%,25.7
site:https://pluscestsimple.com,0,47,0%,46.53
quel poids peut supporter un parpaing de 20,0,46,0%,9.39
délimitation sol cuisine salon,0,46,0%,9.5
machefer aménagement paysager,0,46,0%,42.57
ferme blochet,0,45,0%,9.36
ral gris 2900 sablé,0,45,0%,10.76
lavage tapis de bain,0,45,0%,25.02
armoire bureau porte coulissante,0,45,0%,60.29
delimitation sol cuisine salon,0,44,0%,8.68
2900 sablé,0,44,0%,10.09
cloison amovible bureau professionnel,0,44,0%,20.09
traitement bois charpente,0,44,0%,41.11
entretoise poutre,0,43,0%,6.35
comment couper une baguette en biseau,0,43,0%,8.56
profile plinthe invisible,0,43,0%,8.7
ciment pour parpaing,0,43,0%,9.3
nettoyer travertin noirci,0,43,0%,18.42
a combien laver un tapis de bain,0,43,0%,26.49
enlever peinture métal,0,43,0%,33.63
2900 sable,0,42,0%,9.95
seuil portail coulissant,0,42,0%,10.31
entretien poutre bois,0,42,0%,19.6
machefer mur,0,42,0%,20.26
ral 2900 7016,0,41,0%,7.95
mon espace client extrabat,0,41,0%,10.12
ral2900,0,41,0%,10.29
comment démonter un canapé fixe,0,41,0%,20.2
parquet stratifié rayure,0,41,0%,49.34
parquet rayé,0,41,0%,60.02
colle noir amiante,0,40,0%,7.4
terrasse sur parpaing,0,40,0%,8.78
décaper métal avec décapeur thermique,0,40,0%,9.32
prix du cuivre bruler,0,40,0%,10.12
mr menuiserie avis,0,40,0%,10.82
comment reconnaitre une vraie chaise baumann,0,40,0%,14.1
teinture moquette,0,40,0%,23.45
salpetre cave,0,40,0%,25.8
matériaux portes intérieures,0,40,0%,33.23
enlever rayure sur parquet stratifié,0,40,0%,51.08
coffrage dalle,0,40,0%,54.7
couper #baguette angle 45,0,39,0%,6.67
gris 2900 sable,0,39,0%,9
avis sur mr menuiserie,0,39,0%,10.87
colle amiantée,0,38,0%,6.79
sablière toiture,0,38,0%,20.11
parquet vernis,0,38,0%,68.63
travertin noirci,0,37,0%,10.14
rayure parquet vitrifié,0,37,0%,48.65
armoire de bureau porte coulissante,0,37,0%,58.27
menuiserie ral 2900 sablé,0,36,0%,8.28
ma débroussailleuse démarre puis s'arrête,0,36,0%,11.19
cadreuse pour menuiseries,0,36,0%,13.89
sécher enduit avec déshumidificateur,0,36,0%,13.94
parpaing isolant,0,36,0%,14.36
fermacell ou placo,0,36,0%,14.83
tva 10 travaux extérieurs,0,36,0%,16.75
traitement salpetre cave,0,36,0%,28.08
distance entretoise plancher bois,0,35,0%,8.14
muralière pergola,0,35,0%,9.69
enlever peinture sur métal sans décapant,0,35,0%,16.4
poid palette parpaing,0,35,0%,16.86
poid parpaing 20,0,35,0%,19
vitrificateur ou vernis,0,35,0%,21.54
douche italienne sans receveur,0,35,0%,22.37
laver tapis de bain,0,35,0%,27.09
rayures sur parquet stratifié,0,35,0%,47.26
entretoise plancher obligatoire,0,34,0%,5.18
scellement chimique muralière,0,34,0%,7.12
mortier joint parpaing,0,34,0%,7.56
couper des baguettes en angle,0,34,0%,8
coupe baguette,0,34,0%,9.15
coulissant seuil affleurant,0,34,0%,11.71
crepi facade sur parpaing,0,34,0%,13.56
charpente visible en bois lamellé collé,0,34,0%,15.71
cloison vitrée pour salle de bain,0,34,0%,19.59
cadreuse visseuse,0,34,0%,24.15
charpentes lamellees collees,0,34,0%,28.65
my extrabat espace client,0,33,0%,5.94
plinthe affleurante led,0,33,0%,10.82
combien de vis par lame de terrasse,0,33,0%,15.39
petit insecte rond maison,0,32,0%,3.72
gris 2900 texturé,0,32,0%,7.72
ral 2900 menuiserie,0,32,0%,8.28
liteaunage,0,32,0%,10.66
amiante colle moquette,0,32,0%,12.84
meuler et poncer,0,32,0%,13.03
hauteur penderie chemise,0,32,0%,13.34
entretoise def,0,32,0%,14.31
pose terrasse bois sur dalle beton,0,32,0%,14.53
vmc cuisine ouverte,0,32,0%,15.59
formation bricolage institutdubricolage,0,32,0%,16.47
hauteur de penderie,0,32,0%,18.47
béton ciré sur parquet,0,32,0%,21.34
décapant peinture métal,0,32,0%,28.75
lambris bois salle de bain,0,32,0%,29.94
mister menuiserie portail,0,32,0%,38.06
reconnaitre colle amiantée,0,31,0%,7.97
anthrened,0,31,0%,8.16
prix du cuivre brûler,0,31,0%,10.32
charpente en béton,0,31,0%,18.26
ferme à blochet,0,30,0%,8.8
chambre cocooning beige et blanc,0,30,0%,10.73
poids d un parpaing,0,30,0%,10.83
hauteur double penderie,0,30,0%,11.57
raccord galva cuivre,0,30,0%,12.5
enduit qui ne seche pas,0,30,0%,12.67
institutdubricolage formations bricolage,0,30,0%,14.57
décaper peinture métal,0,30,0%,19.9
pergola mister menuiserie,0,30,0%,21.2
poncer carrosserie,0,30,0%,46.87
mélange mortier pour parpaing,0,29,0%,2.9
hauteur tringle garde robe,0,29,0%,5.17
espacement fixation muralière,0,29,0%,5.45
comment fixer une muralière,0,29,0%,6.9
c'est quoi une entretoise,0,29,0%,7.72
combien pèse un parpaing de 10,0,29,0%,8.69
institutdubricolage.com formation bricolage,0,29,0%,17.55
champignon orange sur bois mort,0,29,0%,18.28
rénovation maison machefer,0,29,0%,22.45
coffrage dalle béton,0,29,0%,27.97
système renfort placo breveté,0,29,0%,75.76
pose résine étanchéité toiture mennecy,0,29,0%,86
poids 1 parpaing,0,28,0%,3.54
poid 1 parpaing,0,28,0%,3.89
muralière bois section,0,28,0%,7.25
ferme sur blochet charpente,0,28,0%,9.04
faut-il poncer avant de vernir une carrosserie,0,28,0%,11.18
hauteur standard tringle penderie,0,28,0%,12.11
charpente lamellé collé portée,0,28,0%,22.36
carport sans autorisation,0,28,0%,23.89
decapant peinture metal,0,28,0%,28.86
décaper métal,0,28,0%,29
balatum,0,28,0%,40.46
petit insecte noir rond,0,27,0%,6.26
signature chaise baumann,0,27,0%,8.74
crepir parpaing,0,27,0%,9.22
ral 2900 sable,0,27,0%,10.7
mathus,0,27,0%,14.48
comment visser lame terrasse bois,0,27,0%,18.48
comment laver un tapis de salle de bain,0,27,0%,21.44
comment laver tapis de bain,0,27,0%,22.81
plantes plein soleil sans entretien,0,27,0%,23.33
installer carport sans permis de construire,0,27,0%,32.22
epaisseur chape anhydrite plancher chauffant,0,27,0%,37.22
dilatation parquet stratifié,0,27,0%,55.15
muralière plancher bois,0,26,0%,1.04
hvest,0,26,0%,4.65
cuisine häcker concept 130 avis,0,26,0%,8.15
cuisine terracotta et blanc,0,26,0%,9.38
prix cuivre bruler au kilo,0,26,0%,9.77
seuil de portail coulissant,0,26,0%,10.73
hauteur standard penderie,0,26,0%,10.77
chenille dans la maison,0,26,0%,15.73
formation bricolage institutdubricolage.com,0,26,0%,17.04
comment nettoyer un meuble en bois ancien,0,26,0%,17.77
piscine enterrée sans permis,0,26,0%,21.73
pose lambris sur placo,0,26,0%,26.65
quel bleu pour une cuisine,0,26,0%,42.12
insecte rond noir maison,0,25,0%,2.12
quel vitrificateur choisir,0,25,0%,6.04
hauteur pole de garde robe,0,25,0%,7.2
composition mur maison année 70,0,25,0%,7.24
plainte invisible,0,25,0%,9.08
pouzzolane pour drainage,0,25,0%,9.32
panne sablière charpente,0,25,0%,11.84
plinthes invisible,0,25,0%,11.92
prix cuivre bruler,0,25,0%,12
charpente américaine,0,25,0%,12.16
avis mister menuiserie,0,25,0%,12.2
meuleuse et ponceuse,0,25,0%,15.88
visser lames terrasse,0,25,0%,18.28
comment laver un tapis de bain,0,25,0%,20.08
evier inox brosse,0,25,0%,27.84
traiter charpente bois,0,25,0%,28.4
analyse colle,0,25,0%,35.72
charpente lamelle colle,0,25,0%,38.48
traitement des bois de charpente,0,25,0%,44.48
entretoise ossature bois,0,24,0%,2.67
bruler le cuivre,0,24,0%,5.08
comment vieillit une terrasse en résine ?,0,24,0%,6.42
colle amianté,0,24,0%,6.79
ancrage poutre bois dans mur,0,24,0%,7.17
drainage pouzzolane,0,24,0%,8.83
rayure parquet huile d'olive,0,24,0%,9.67
panne sabliere,0,24,0%,10.08
parpaing poids,0,24,0%,13.46
surélévation maison ancienne,0,24,0%,15.54
cadreuse pour portes,0,24,0%,19.42
comment nettoyer un tapis de bain,0,24,0%,22.71
charpente en bois lamellé-collé,0,24,0%,31.79
poncer à la meule,0,24,0%,34.29
quel type de porte interieure choisir,0,24,0%,47.92
armoire porte coulissante bureau,0,24,0%,62.21
gravier pour allée voiture,0,23,0%,1.78
empreinte de blaireau,0,23,0%,2.09
comment couper baguette bois angle,0,23,0%,6.48
fixation muralière sur ossature bois,0,23,0%,6.91
pannes sablières,0,23,0%,8.61
prix du cuivre bruler au kilo,0,23,0%,9.35
plinthe pour placo,0,23,0%,9.7
hauteur d'une pole de garde robe,0,23,0%,9.87
hauteur tringle penderie manteau,0,23,0%,10.48
terrasse bois sur parpaing,0,23,0%,12.35
comment démonter un canapé d'angle convertible,0,23,0%,13
comment enlever peinture sur fer forgé,0,23,0%,13.65
travaux supplémentaires non prévus au devis,0,23,0%,20.57
entretoises plancher,0,22,0%,3.95
lindier bois,0,22,0%,5
coupe de baguette d'angle,0,22,0%,6.36
coupe angle baguette,0,22,0%,7.14
trace patte blaireau,0,22,0%,8.77
colle amiante moquette,0,22,0%,9.27
prix cuivre brûlé,0,22,0%,10.55
poid d'un parpaing de 20,0,22,0%,10.77
combien pèse un parpaing,0,22,0%,12.77
mister menuiserie narbonne,0,22,0%,21.32
quelle surface pour une pergola sans permis de construire,0,22,0%,23.32
piscine enterrée sans permis de construire,0,22,0%,27.18
petit insecte rond noir et blanc,0,21,0%,1.52
pose d'une muralière,0,21,0%,3.71
cuivre brule,0,21,0%,5.76
proxichantier pro,0,21,0%,8.29
charpente sur blochet,0,21,0%,8.52
leve parpaing,0,21,0%,9.33
entretoise menuiserie,0,21,0%,10.24
couleur 2900 sablé,0,21,0%,10.29
colle amiante danger,0,21,0%,12.52
liteaunage toiture,0,21,0%,14.29
mur en machefer,0,21,0%,20.19
reconnaître colle lino amiante,0,21,0%,20.24
cloison fermacell,0,21,0%,38.43
decaper grille fer forgé,0,21,0%,55.62
cuivre brûlé interdit,0,20,0%,4.15
ferme a blochet,0,20,0%,9.2
piquet coffrage beton,0,20,0%,12.7
institut du bricolage,0,20,0%,13
plaque à induction de boîte au-dessus du lave-vaisselle,0,20,0%,13.4
hauteur penderie double,0,20,0%,13.45
chaudière gaz piscine,0,20,0%,14
chaise baumann signature,0,20,0%,15.4
charpente en béton armé,0,20,0%,17.55
peinture moquette,0,20,0%,19.45
comment démonter un canapé d'angle,0,20,0%,20.05
quel carport sans permis de construire,0,20,0%,21.65
carrelage imitation parquet plinthe ou pas,0,20,0%,32.35
mister menuiserie,0,20,0%,47.35
armoire bureau portes coulissantes,0,20,0%,61.25
muraliere parpaing creux,0,19,0%,9
cuisine häcker ou schmidt,0,19,0%,9.58
retirer scotch peinture,0,19,0%,11.16
colina josta,0,19,0%,16.21
epaisseur chape plancher chauffant,0,19,0%,58.79
armoires bureau portes coulissantes,0,19,0%,60.16
entretoise solivage bois,0,18,0%,2.5
corbeaux muraliere,0,18,0%,5.11
découpe baguette d'angle,0,18,0%,6.33
poids d’un parpaing,0,18,0%,6.33
fixation muralière sur parpaing creux,0,18,0%,7.33
fixation entretoise solive,0,18,0%,7.5
poids d un parpaing de 20,0,18,0%,8.44
ferme sur blochet sur poteau,0,18,0%,9.33
profil plinthe invisible,0,18,0%,9.56
muraillère bois,0,18,0%,9.61
hauteur barre de penderie,0,18,0%,10.56
hauteur tringle dressing,0,18,0%,10.78
poid d un parpaing de 20,0,18,0%,10.83
béton ciré sur plancher bois,0,18,0%,14.72
tableau electrique dans salle de bain,0,18,0%,16.89
hauteur tablette garde robe,0,18,0%,17.17
poser des baguettes d'angle en bois,0,18,0%,18.61
sabliere toiture,0,18,0%,20.11
entretien tapis de bain,0,18,0%,20.44
portail mister menuiserie,0,18,0%,43
charpentes bois lamellé-collé,0,18,0%,44.28
armoire metallique porte coulissante,0,18,0%,48.17
fixation entretoise,0,18,0%,57.5
entretoise structure,0,17,0%,3.06
toutici avis,0,17,0%,4.76
fixation madrier sur mur,0,17,0%,4.94
site toutici,0,17,0%,5.24
brûler fil de cuivre,0,17,0%,6.65
entretoise entre solive,0,17,0%,7.12
comment couper une baguette d'angle a 45,0,17,0%,8.71
comment nettoyer un meuble ancien,0,17,0%,9.24
gris sablé,0,17,0%,9.88
extrabat espace client facture,0,17,0%,10.18
gris sable 2900,0,17,0%,10.35
hauteur penderie double niveau,0,17,0%,10.59
combien pese un parpaing,0,17,0%,10.76
ecoledestravaux.fr peinture,0,17,0%,10.82
laiton vieilli,0,17,0%,12.53
durée de vie d'une terrasse en résine,0,17,0%,13.18
hauteur penderie standard,0,17,0%,14.65
décapage chimique peinture,0,17,0%,15.59
terrasse en bois sur parpaing,0,17,0%,17.59
sable gris 2900,0,17,0%,18.12
enduit ne seche pas,0,17,0%,19.18
academiedubricolage formation prix,0,17,0%,19.24
vernis ou vitrificateur parquet,0,17,0%,23.88
pose de frisette à blanzy,0,17,0%,28.06
entretien meubles bois recyclé,0,17,0%,50.06
coller lambris,0,17,0%,71
contrôle ligne de vie toiture mennecy,0,17,0%,91.12
insecte de maison noir,0,16,0%,1
sable pour mortier parpaing,0,16,0%,1
empreinte de blaireau dans la boue,0,16,0%,2
melange ciment pour parpaing,0,16,0%,2.88
muraliere sur mur en pierre,0,16,0%,3
fixer poutre au mur,0,16,0%,3.5
entretoises plancher bois,0,16,0%,4.44
ciment pour mur parpaing,0,16,0%,6.88
ferme sur blochets,0,16,0%,7.44
radiateur habitat-design.net,0,16,0%,8.38
entretoise charpente métallique,0,16,0%,8.62
étanchéité dalle béton sous-sol,0,16,0%,10.06
lelabdubricoleur formation bricolage prix,0,16,0%,11
coupe angle bois,0,16,0%,11.56
crépir mur parpaing,0,16,0%,14.25
enduits déshumidification,0,16,0%,17.69
sens pose parquet agrandir piece,0,16,0%,19.44
reparer lino,0,16,0%,21.75
entretoisement,0,16,0%,24.25
charpente en bois lamellé,0,16,0%,38.75
parquet vernis ou vitrifié,0,16,0%,45.44
une plaque de cuisson passe-t-elle au lave-vaisselle ?,0,16,0%,64.88
vernis pour parquet,0,16,0%,65.88
solive muralière,0,15,0%,1.4
insecte rond maison,0,15,0%,1.53
peinture effet vieilli,0,15,0%,2.67
muralière toiture,0,15,0%,5.27
lino enfoncé,0,15,0%,5.8
knauf doublage collé fixation charges lourdes,0,15,0%,7.67
charpente blochet,0,15,0%,10.07
crépir un mur en parpaing,0,15,0%,11.93
decaper peinture fer,0,15,0%,13.87
reparer pvc blanc,0,15,0%,14.07
réparer du pvc blanc,0,15,0%,15.53
decaper peinture sur metal,0,15,0%,16.6
toit végétal abri de jardin,0,15,0%,19.73
décapeur thermique peinture plomb,0,15,0%,20.13
surface carport sans permis de construire,0,15,0%,21.33
insecte noir maison,0,15,0%,23.4
decapage peinture metal,0,15,0%,35.13
traiter charpente,0,15,0%,36.67
traitement de charpente bois,0,15,0%,44.73
norme spot encastrable laine verre,0,15,0%,46.13
coffrage de dalle,0,15,0%,54.73
installation canapé convertible,0,15,0%,55.27
rayure parquet,0,15,0%,58.73
pose entretoise plancher bois,0,14,0%,4
decoupe baguette angle,0,14,0%,5.5
myextrabat connexion,0,14,0%,6.79
couper angle baguette,0,14,0%,6.86
faire une coupe a 45 baguette d angle,0,14,0%,7.5
joint parpaing,0,14,0%,8
muraillère charpente,0,14,0%,8
balayome,0,14,0%,8.29
enduit etanche beton cellulaire,0,14,0%,8.57
pente américaine,0,14,0%,8.64
coupe baguette angle sans boîte à onglet,0,14,0%,8.86
hauteur tringle double penderie,0,14,0%,9.57
trace de blaireau,0,14,0%,9.64
poid d'un parpaing,0,14,0%,9.93
section muralière,0,14,0%,10.07
toiture liteau,0,14,0%,10.29
portail gris sablé 2900,0,14,0%,10.71
inox satiné ou brossé,0,14,0%,10.86
2900 gris sable,0,14,0%,11.21
poids d un parpaing de 15,0,14,0%,11.43
chenille de bois maison,0,14,0%,12.14
institutdubricolage paris,0,14,0%,12.29
amiante dans la colle,0,14,0%,13.36
multicouche encastrable,0,14,0%,13.64
piquet pour coffrage béton,0,14,0%,13.64
petit insecte noir fenêtre comment s'en débarrasser,0,14,0%,13.93
peinture à la chaux sur placo,0,14,0%,14.86
tadelakt douche,0,14,0%,15.14
sablière charpente,0,14,0%,15.93
agrandir une ouverture de fenetre,0,14,0%,18.21
piscine demontable,0,14,0%,31.57
conception charpentes lamellé-collé,0,14,0%,36
armoire métallique porte coulissante,0,14,0%,38.07
charpente industrialisée et poutres en lamellé-collé,0,14,0%,39.86
epaisseur chape plancher chauffant electrique,0,14,0%,44.57
armoires de bureau portes coulissantes,0,14,0%,60.14
cadreuse automatique d'ouvrants,0,14,0%,62.29
entretoise bois plancher,0,13,0%,1
massif en pouzzolane,0,13,0%,1
petit insecte noir et gris maison,0,13,0%,2.15
quel est le poids d'un parpaing,0,13,0%,7.85
plinthe intégrée mur,0,13,0%,9.38
petit insectes noir dans la maison,0,13,0%,10
cuisines hacker avis,0,13,0%,10.08
combien pese un parpaing de 25,0,13,0%,10.23
hauteur tringle manteau,0,13,0%,10.31
quelle tige filetée pour muralière,0,13,0%,10.62
différence entre vernis et vitrificateur,0,13,0%,11.08
débroussailleuse qui s'emballe,0,13,0%,11.08
charpente béton maison,0,13,0%,11.23
hauteur penderie veste,0,13,0%,11.46
hauteur penderie robe,0,13,0%,12
épaisseur joint parpaing,0,13,0%,15.08
decaper peinture metal,0,13,0%,15.46
alcaliniser l'eau,0,13,0%,15.54
cadreuse pour meubles,0,13,0%,17.77
terrasse bois sur dalle béton,0,13,0%,19.38
mortier pour parpaing dosage,0,13,0%,21.31
portail coulissant seuil,0,13,0%,21.38
quelle surface pour une pergola sans permis de construire ?,0,13,0%,22.85
définition entretoise,0,13,0%,24.46
décapant peinture sur métal,0,13,0%,24.92
faire une douche à l'italienne sans receveur,0,13,0%,25
différence entre vitrificateur et vernis,0,13,0%,28.38
colonne immeuble,0,13,0%,31.08
formation bricolage cpf,0,13,0%,39.31
lambris bois hydrofuge salle de bain,0,13,0%,40.23
charpente bois traitement,0,13,0%,41.69
charpente bois lamellé collé,0,13,0%,66.54
décapage anti-corrosion pièces métalliques,0,13,0%,85
des entretoises,0,12,0%,2.25
meuleuse définition,0,12,0%,2.33
store pour velux pas cher,0,12,0%,3.75
effet vieilli bois,0,12,0%,4.33
hauteur de pole de garde robe,0,12,0%,7.08
anthrène petit insecte noir rond maison,0,12,0%,9.42
decoupe baguette,0,12,0%,9.92
2900 ral,0,12,0%,10.5
comment enlever de la peinture sur une cle en fer,0,12,0%,10.5
combien pèse une palette de parpaing,0,12,0%,11.83
amende piscine sans permis,0,12,0%,12.08
sens pose parquet agrandir pièce,0,12,0%,16.5
entretoises definition,0,12,0%,17.17
comment decaper peinture sur fer,0,12,0%,19.92
delimitation carrelage cuisine salon,0,12,0%,22.67
carport sans permis,0,12,0%,23.83
chape anhydrite épaisseur minimum,0,12,0%,24.92
piscine hors sol démontable,0,12,0%,27.25
enlever peinture sur metal,0,12,0%,29.83
decapant peinture fer,0,12,0%,33.33
quelles plantes n'aiment pas le marc de café,0,12,0%,38.33
formation bricolage éligible cpf,0,12,0%,39
teindre tapis,0,12,0%,39.08
décapage chimique peinture plomb,0,12,0%,39.75
meulage et ponçage,0,12,0%,43
hauteur de chape pour plancher chauffant,0,12,0%,55.17
fenetre minimaliste,0,12,0%,58.42
traitement de charpente par injection,0,12,0%,81.08
humidité chambre,0,12,0%,85.08
cloison double,0,12,0%,91.67
champignon orange bois,0,11,0%,1
peut on poncer avec une meuleuse,0,11,0%,2
muraliere terrasse bois,0,11,0%,3.82
poncer avec une meuleuse,0,11,0%,5.18
enduit hydrofuge beton cellulaire,0,11,0%,5.73
carottage mur,0,11,0%,5.91
store fenêtre de toit universel,0,11,0%,5.91
la plinthe invisible,0,11,0%,6.82
poids dun parpaing,0,11,0%,7.18
empreinte patte de blaireau,0,11,0%,7.45
ponceuse disqueuse,0,11,0%,9.27
enduire du siporex,0,11,0%,9.82
decapeur thermique peinture metal,0,11,0%,10
demonter un canapé convertible,0,11,0%,10
la plinthe affleurante,0,11,0%,10
quelle longueur de vis pour lame de terrasse 27 mm,0,11,0%,10
espace client extrabat,0,11,0%,10.45
pose parquet alignement,0,11,0%,10.64
profil plinthe affleurante,0,11,0%,10.73
amiante colle carrelage année,0,11,0%,10.82
néo bretonne,0,11,0%,11
mistermenuiserie avis,0,11,0%,11.09
teinture pour moquette maison,0,11,0%,11.64
teinture pour moquette,0,11,0%,12.27
agrandir une fenêtre dans un mur porteur,0,11,0%,12.45
ral 2900 texturé,0,11,0%,13.73
douche tadelakt,0,11,0%,15.18
comment faire du crepi ciment,0,11,0%,15.45
decaper metal,0,11,0%,15.45
extrabat mon compte,0,11,0%,15.64
mister menuiserie troyes,0,11,0%,16.36
terrasse parpaing,0,11,0%,16.36
allintitle:réparer lino enfoncé,0,11,0%,18.27
amende pour construction piscine sans permis,0,11,0%,19.64
béton ciré sur bois,0,11,0%,26.64
visser lame terrasse,0,11,0%,28.36
hauteur tete de lit,0,11,0%,32.73
charpentes en bois lamellé,0,11,0%,41.55
escalier en bois qui grince,0,11,0%,42.27
vernis pour parquet stratifié,0,11,0%,43.82
chape plancher chauffant epaisseur,0,11,0%,46.91
decaper grille en fer,0,11,0%,52.55
escalier grince,0,11,0%,52.64
réparer escalier bois qui craque,0,11,0%,53.27
nombre de vis au m2 terrasse bois,0,11,0%,67.64
décapage fer forgé,0,11,0%,70.73
décapage chimique,0,11,0%,85.09
entretoise,0,10,0%,1.1
petit rond noir,0,10,0%,3.6
empreinte de blaireau dans la terre,0,10,0%,3.8
enduit de finition beton cellulaire,0,10,0%,6
réfrigérateur sans grille derrière,0,10,0%,6.8
d'où viennent les chenilles,0,10,0%,7.1
enduit monocouche siporex,0,10,0%,7.4
les entretoises,0,10,0%,7.5
menuiserie vert sauge,0,10,0%,7.8
entretoise c'est quoi,0,10,0%,8.4
pouzzolane drainage maison,0,10,0%,8.8
menuiserie ral 2900,0,10,0%,9.5
prix du cuivre brûlé au kilo,0,10,0%,9.5
fixation muraliere mur en pierre,0,10,0%,9.7
vernis bois effet vieilli,0,10,0%,10
gris sablé ral 2900,0,10,0%,10.5
poids d un parpaing de 10,0,10,0%,11.4
compatibilité cuivre et acier galvanisé,0,10,0%,11.6
separation carrelage cuisine salon,0,10,0%,11.8
pose terrasse bois sur dalle béton,0,10,0%,13.8
massif drainant,0,10,0%,15.8
petits insectes noirs,0,10,0%,16.3
rayure profonde parquet stratifié,0,10,0%,18.8
chenilles dans la maison,0,10,0%,22.9
terrasse bois sur parpaings,0,10,0%,22.9
teinture tapis,0,10,0%,25.2
cours de bricolage institutdubricolage.com,0,10,0%,25.8
luminaire ip44 faux plafond,0,10,0%,25.8
decapant metal sans gratter,0,10,0%,26.3
plante exterieur sans entretien,0,10,0%,27
poids parpaing plein,0,10,0%,27
hotte airforce,0,10,0%,36.2
hotte aspirante air force,0,10,0%,39.2
traitement bois de charpente,0,10,0%,47.2
armoire métallique portes coulissantes,0,10,0%,53.5
vis lame terrasse,0,10,0%,66.5
radiateur inertie fluide ou seche,0,10,0%,78.2
mortier colle pour parpaing,0,9,0%,2.89
oui,0,9,0%,5.11
entretoise entre solives,0,9,0%,5.56
"""beaucoup de fissures présentent une structure en diagonale (escalier)""",0,9,0%,5.67
parpaing sans enduit,0,9,0%,6.67
multicouche dans chape,0,9,0%,6.89
chenille interieur maison,0,9,0%,9
cuisine hacker avis,0,9,0%,9.44
teindre un tapis en polypropylène,0,9,0%,9.56
crépissage d'un mur en parpaing,0,9,0%,9.67
avis sur mister alu,0,9,0%,10.11
mister menuiseries avis,0,9,0%,10.22
blochet charpente bois,0,9,0%,10.33
decapeur thermique metal,0,9,0%,10.33
ral gris 2900,0,9,0%,10.56
astuce pour bloquer une porte coulissante,0,9,0%,10.78
tadelakt douche italienne,0,9,0%,11.11
couleur 2900,0,9,0%,11.33
inox satiné,0,9,0%,11.56
hauteur barre dressing,0,9,0%,11.89
mon espace extrabat,0,9,0%,13.44
fermacell ou ba13,0,9,0%,14.11
four tout ici,0,9,0%,14.22
combine evier lave vaisselle,0,9,0%,14.67
hauteur pour penderie,0,9,0%,15.44
enlever peinture metal,0,9,0%,17.89
réglementation piscine hors sol démontable,0,9,0%,17.89
moisissure derrière meuble,0,9,0%,18.22
couleur colle amiante,0,9,0%,18.78
retirer peinture sur metal,0,9,0%,18.89
nettoyage meuble bois ancien,0,9,0%,19
enlever trace de scotch sur peinture,0,9,0%,19.11
mister alu,0,9,0%,19.56
beton ciré sur carrelage existant,0,9,0%,22.22
raccord lino,0,9,0%,22.89
cheville pour parpaing creux,0,9,0%,24.11
douche à l'italienne sans receveur,0,9,0%,24.78
decaper la peinture sur metal,0,9,0%,25.56
sangles et les entretoises,0,9,0%,28.44
nettoyer poutre bois,0,9,0%,30.33
peindre métal sans décaper,0,9,0%,34.22
étude charpentes lamellé-collé,0,9,0%,36
cuisine ouverte sur salon 25m2,0,9,0%,39.67
comment démonter un clic clac,0,9,0%,42
decapage des metaux,0,9,0%,51.56
rayures parquet,0,9,0%,52.11
charpente bois lamellé,0,9,0%,69.11
béton ciré sur carrelage,0,9,0%,69.67
design épuré,0,9,0%,70.11
plancher chauffant epaisseur,0,9,0%,71.78
mur crépi intérieur,0,9,0%,83.22
humidite chambre,0,9,0%,85.44
humidité mur chambre,0,9,0%,91.22
parpaing,0,8,0%,1
profondeur garde robe standard,0,8,0%,1
trace blaireau terre,0,8,0%,1.25
peinture bois vieilli,0,8,0%,1.5
petit insecte rond,0,8,0%,1.62
fixer panneau bois sur mur intérieur,0,8,0%,3.75
poutre entretoise,0,8,0%,4.62
store velux brico dépôt,0,8,0%,5.5
store pour velux brico dépôt,0,8,0%,5.88
couper baguette d'angle,0,8,0%,6.25
comment couper les baguettes d'angle,0,8,0%,6.62
moquette amiante,0,8,0%,6.62
les outils indispensables du menuisier,0,8,0%,7.38
teinter moquette,0,8,0%,7.88
colle a carrelage amiante,0,8,0%,8.12
panne sabliere toiture,0,8,0%,8.88
trace de patte de blaireau,0,8,0%,8.88
fixer muralière parpaing creux,0,8,0%,9.12
demonter un canape lit,0,8,0%,9.38
comment couper des baguettes d'encadrement,0,8,0%,9.62
decaper du metal,0,8,0%,9.62
placo doublage collé fixation charges lourdes,0,8,0%,9.62
colle avec amiante,0,8,0%,9.88
plaque au dessus lave vaisselle,0,8,0%,10.12
proxichantier travaux,0,8,0%,10.12
comment faire un crepi sur un mur en parpaing,0,8,0%,10.38
couleur gris sable 2900,0,8,0%,10.38